input_name,normalized_name,medical_store_id
".KRISHANA MEDICINES, RAJKOT, RAJKOT",krishana medicines rajkot rajkot,987cdb20-112e-4d0a-b119-eafcb034113f
"4EVER MEDICAL (CT), SHAPAR, SHAPAR",4ever medical ct shapar shapar,434a8695-38fa-4a23-bba3-caa5750ebfdc
"A ONE MEDICAL STORE, jasdan, JASAD",a one medical store jasdan jasad,207b8f2c-cc92-430f-afcb-62a3b8858044
AARAV MEDICINE,aarav medicine,9ae4d776-131d-4bfa-80b6-c11406f6bc01
"AARAV MEDICINE - AYODHYACHOK, RAJKOT, RAJKOT",aarav medicine ayodhyachok rajkot rajkot,b1fdb31f-3c4e-4825-95e5-1962a1b0193e
"AARAV MEDICINE 8, RAJKOT, RAJKOT",aarav medicine 8 rajkot rajkot,4720c9df-cec8-4607-ac7d-8088ad985a93
"AARAV MEDICINE, RAJKOT, RAJKOT",aarav medicine rajkot rajkot,4720c9df-cec8-4607-ac7d-8088ad985a93
"AASHNA M.S. gauridal pedak, RAJKOT, RAJKOT",aashna m s gauridal pedak rajkot rajkot,45819330-fb1b-4f3b-b1f6-406dd52f793c
"AASHNA MED STORE, GAURIDAD, GAURIDAD",aashna med store gauridad gauridad,469babc1-cb5b-4e8b-947b-4e4ad7a33290
"AASHTHA MEDICINES mavadi, RAJKOT, RAJKOT",aashtha medicines mavadi rajkot rajkot,b881d49a-23ed-4b94-9d24-add8d1a54474
"AASTHA MED STORE [CT] MAVDI, RAJKOT, RAJKOT",aastha med store ct mavdi rajkot rajkot,66385c32-a280-4c9f-8ea2-3a9ad653a429
"AASTHA MEDICAL STORE AMBICA TOWNSHIP 1, RAJKOT, RA",aastha medical store ambica township 1 rajkot ra,b85ebd62-6753-4196-87af-36208c94455c
"AAYU MEDICAL STORE, ANANDPAR, ANANDPAR",aayu medical store anandpar anandpar,1eedf2ce-39a4-4632-bbe0-22c7bbbd0e72
"AAYUSH MEDI.STORE KOTHARIYA, RAJKOT, RAJKOT",aayush medi store kothariya rajkot rajkot,77ccc5e7-a790-40b4-a384-441e73bf7e65
"AAYUSH PHARMACY 1, RAJKOT, RAJKOT",aayush pharmacy 1 rajkot rajkot,efb3019c-4777-465f-aa26-122fc69afabe
"AAYUSH PHARMACY [DT] MAVDI., RAJKOT, RAJKOT",aayush pharmacy dt mavdi rajkot rajkot,163bc792-43b0-420f-aed5-a8f639fefa43
"AAYUSH PHARMACY(MAVADI), RAJKOT, RAJKOT",aayush pharmacy mavadi rajkot rajkot,4037a10a-f0f9-4d7a-9f51-8d59ab8af069
"ABC MED CENTER [DT] AST, RAJKOT, RAJKOT",abc med center dt ast rajkot rajkot,97c4c4a0-f5c6-49b3-9a38-f583b9736de2
ABC MEDICAL CENTRE SARDARNAGAR,abc medical centre sardarnagar,6fcac0d2-c44a-42be-a8fa-966beff613f5
"ABC MEDICAL CENTRE astron, RAJKOT, RAJKOT",abc medical centre astron rajkot rajkot,eb71e210-5847-4f0c-b04c-367f3b45741f
"ABC MEDICAL STORE(CT) KUVADAVA, RAJKOT, RAJKOT",abc medical store ct kuvadava rajkot rajkot,4b391b84-2a28-49f3-a3f8-508a2456aa34
ABC MEDICAL STORES KVD RD,abc medical stores kvd rd,5fd4367d-e18d-4a1d-ac20-01149cbb25ad
ABC MEDICAL STORES KVD RD.884,abc medical stores kvd rd 884,5fd4367d-e18d-4a1d-ac20-01149cbb25ad
AJAY MEDICINES (BHAKTI NAGAR),ajay medicines bhakti nagar,eef6d00a-98d2-4bda-977a-e3f45a643261
"AJAY MEDICINES [CT] BNC, RAJKOT, RAJKOT",ajay medicines ct bnc rajkot rajkot,4f3379f0-9c7e-4357-8d7f-088007722748
"AJAY MEDICINSE BHAKTINAGAR, RAJKOT, RAJKOT",ajay medicinse bhaktinagar rajkot rajkot,6774bb0b-1baf-48ff-9c14-772164bfeb20
"AKSHAR M CENTRE [DT] V.N., RAJKOT, RAJKOT",akshar m centre dt v n rajkot rajkot,c747d6a3-9caa-413d-a2fd-cb69b40905ba
"AKSHAR MEDICINE MAVADI 1, RAJKOT, RAJKOT",akshar medicine mavadi 1 rajkot rajkot,0f915093-dd7a-4009-bb05-686a7f73babd
"AKSHAR MEDICINES [DT] AST, RAJKOT, RAJKOT",akshar medicines dt ast rajkot rajkot,608d2c5a-e900-45a9-8161-fdc8f41f2d2f
"AKSHAY MEDICAL STORE [CT] KOTHARIYA ROAD, RAJKOT, ",akshay medical store ct kothariya road rajkot,e197cba1-5edf-4617-8f85-7e321b7d00dd
"AKSHAY MEDICAL STORE, RAJKOT, RAJKOT",akshay medical store rajkot rajkot,00506d0b-9b2a-4844-ba9c-37d73a7dfc6a
"ALL GENERIC MEDICAL & AGENCY, RAJKOT, RAJKOT",all generic medical agency rajkot rajkot,c0be512e-221a-41cd-ab00-9ef2261a68bb
"ALL GENRIC MED. N. AGENCY-GAYTRINAGAR, RAJKOT, RAJ",all genric med n agency gaytrinagar rajkot raj,257e7988-fc55-49b3-abd5-44b6e6ef2397
AMBICA MEDICAL AGENCY,ambica medical agency,f628c9d2-d87b-4447-ae18-ee3609ea62c7
"AMBICA MEDICAL STORES, JASDAN, JASDAN",ambica medical stores jasdan jasdan,19026587-d23f-4834-9727-b0ceb52ee895
"AMBIKA MED.STORE mavadi, RAJKOT, RAJKOT",ambika med store mavadi rajkot rajkot,ae05e0c9-dd43-4632-a711-eb89b73572b4
"AMBIKA MEDICAL AGENCY VIDYANAGAR, RAJKOT, RAJKOT",ambika medical agency vidyanagar rajkot rajkot,47d124f2-acfb-4699-8b03-9cda511da493
"AMEE M STORES [CT] K.R., RAJKOT, RAJKOT",amee m stores ct k r rajkot rajkot,7806084c-0b17-4ac8-920d-c9beedb67724
AMIDHARA CHEMIST,amidhara chemist,a0409a3c-4746-49cb-8175-519487c19f87
"AMIDHARA CHEMIST [CT] ST., RAJKOT, RAJKOT",amidhara chemist ct st rajkot rajkot,462803b8-3f84-45b4-aaa8-ae454231f212
"AMIDHARA CHEMIST s.t., RAJKOT, RAJKOT",amidhara chemist s t rajkot rajkot,d3db5bd3-ad48-4b34-8c29-3979754be918
"AMRUT MED.STORE mavadi, RAJKOT, RAJKOT",amrut med store mavadi rajkot rajkot,6716aa81-b101-4428-8a4f-81649ae05bd9
"AMRUT PHARMACY- BIG BAZAR, RAJKOT, RAJKOT",amrut pharmacy big bazar rajkot rajkot,8dc24d9f-930a-4241-85b2-471fcf60da4a
"AMRUTAM MED STORE(CT) KO., RAJKOT, RAJKOT",amrutam med store ct ko rajkot rajkot,a0933229-ce20-4c1b-97b7-3d955e7acba9
"ANAND MEDICINE, RAJKOT, RAJKOT",anand medicine rajkot rajkot,d5740fa7-34c1-4dc5-8b85-8a5b5e05ca67
"ANAND MEDICINES [DT] BNC, RAJKOT, RAJKOT",anand medicines dt bnc rajkot rajkot,7aa263fd-5180-400b-a5d8-a27fe8795368
"ANAND MEDICINES kothariya, RAJKOT, RAJKOT",anand medicines kothariya rajkot rajkot,0c328dac-0d2d-4e77-a8ff-464d14952552
"ANGEL LIFE PHARMACY- CANAL ROD, RAJKOT, RAJKOT",angel life pharmacy canal rod rajkot rajkot,b0405ba6-8d83-4267-812f-234fde9a695a
"ANGEL MEDI & GEN STORE [CT] S.K., RAJKOT, RAJKOT",angel medi gen store ct s k rajkot rajkot,37e0634e-0fb4-4b8f-a8d0-39e76b560f7c
"ANGEL MEDI.& GEN.STORE- BEDIPARA, RAJKOT, RAJKOT",angel medi gen store bedipara rajkot rajkot,15201760-7b9f-43d1-b40a-d171c6c7f030
"ANGLE MEDICAL & GENERAL STORE, RAJKOT, RAJKOT",angle medical general store rajkot rajkot,4123c09f-dd9c-463a-aee4-98aca828c68d
"ANISH MEDICINES 2, RAJKOT, RAJKOT",anish medicines 2 rajkot rajkot,4dea9afc-5322-4f27-b443-cd0ba6da88d4
"ANISH MEDICINES [DT] G.N., RAJKOT, RAJKOT",anish medicines dt g n rajkot rajkot,876d7809-f229-41f1-9963-c7a90e1c47e3
"ANJANI MED STORE [CT] KO.RO, RAJKOT, RAJKOT",anjani med store ct ko ro rajkot rajkot,2a33e949-a25d-4ffe-affa-2d38b3e64f66
ANJANI MEDICAL STORE KOTHRIA,anjani medical store kothria,37d0f4d7-2074-4ee6-9526-edd903c70ef0
ANMOL MEDICAL STORE,anmol medical store,a5f71720-5502-4fa6-af52-340584abcdbd
"APEX MEDICAL AGENCY, RAJKOT, RAJKOT",apex medical agency rajkot rajkot,e590b599-1337-45c7-acf3-3ef22f5dfb19
APNA BAZAR MEDICINE ANANDNAGAR,apna bazar medicine anandnagar,118deb2d-f425-40bc-88c4-c94cb649f416
"APNA BAZAR MEDICINE [CT] KO, RAJKOT, RAJKOT",apna bazar medicine ct ko rajkot rajkot,93cd29b1-1514-46b4-8006-a41ed5905c3a
"APNA BAZAR MEDICINE, RAJKOT, RAJKOT",apna bazar medicine rajkot rajkot,1065db68-0cbe-4a09-bee6-15fb67f0a903
"APOLLO PHARMACY (CT)H.MADHI, RAJKOT, RAJKOT",apollo pharmacy ct h madhi rajkot rajkot,41d65c3b-44ba-4180-9c31-46062c99cf61
"APOLLO PHARMACY (CT)N.M., RAJKOT, RAJKOT",apollo pharmacy ct n m rajkot rajkot,6d742624-3b7a-4ccf-9e45-219991ca7e33
"APOLLO PHARMACY (CT)S.V., RAJKOT, RAJKOT",apollo pharmacy ct s v rajkot rajkot,94ea73f0-7566-4a5a-9f39-ee40638f6bed
"APOLLO PHARMACY N.M., RAJKOT, RAJKOT",apollo pharmacy n m rajkot rajkot,6d742624-3b7a-4ccf-9e45-219991ca7e33
"APOLLO PHARMACY- HANUMADHI CHOK, RAJKOT, RAJKOT",apollo pharmacy hanumadhi chok rajkot rajkot,4d06a4ad-c329-404b-837b-977adb00904a
"APOLLO PHARMACY- NANA MAVA, RAJKOT, RAJKOT",apollo pharmacy nana mava rajkot rajkot,c63cfa60-79eb-4d34-9257-5f8bf74fde34
"APTUS PHARMA LIMITED, AHMEDABAD, AHMEDABAD",aptus pharma limited ahmedabad ahmedabad,5edb626f-9120-4f85-92f3-1aa8d33655ef
"APTUS PHARMA PRIVATE LIMITED, AHMEDABAD, AHMEDABA",aptus pharma private limited ahmedabad ahmedaba,5edb626f-9120-4f85-92f3-1aa8d33655ef
"ARYAN MED STORE [CT] S.K, RAJKOT, RAJKOT",aryan med store ct s k rajkot rajkot,c0f0ff42-748e-4407-9f96-d39cac3a7dc6
ARYAN MEDICAL STORES,aryan medical stores,d72bd90d-4ab1-4019-9506-938bc5fe4645
"ASHIRVAD MEDICAL CENTRE 5, RAJKOT, RAJKOT",ashirvad medical centre 5 rajkot rajkot,01bf6c3e-189b-478f-bd9c-a6657c606c15
"ASHIRWAD M STORE [CT] MAVDI, RAJKOT, RAJKOT",ashirwad m store ct mavdi rajkot rajkot,ea3aae5a-8799-4ec7-95d7-fd795ec10af8
"ASHIRWAD M STORE [DT] MAVDI, RAJKOT, RAJKOT",ashirwad m store dt mavdi rajkot rajkot,b318a2c5-5bc8-4454-84ef-54ee9ebb6685
"ASHIRWAD MEDICAL STORE 1, RAJKOT, RAJKOT",ashirwad medical store 1 rajkot rajkot,607ed419-3cf5-4ff8-affb-bef46a2184da
"ASHWAJIT MEDI STORE [CT], RAJKOT, RAJKOT",ashwajit medi store ct rajkot rajkot,72484749-197e-439b-bcdb-529f3d89eb77
"ASTHA MEDICAL [CT] KO.RO, RAJKOT, RAJKOT",astha medical ct ko ro rajkot rajkot,bf5f1da5-c2e2-4210-906a-9c094175d465
"ASTHA MEDICINES [CT]MAVDI, RAJKOT, RAJKOT",astha medicines ct mavdi rajkot rajkot,5ecf1ff4-fb69-4794-965c-3b75962117d3
"ATREY MEDICAL, RAJKOT, RAJKOT",atrey medical rajkot rajkot,b530fb1d-6187-4aa3-a4c2-4a4e201fe578
"ATREY MEDICINES [CT] K.R, RAJKOT, RAJKOT",atrey medicines ct k r rajkot rajkot,d63937d9-96bf-4b5d-8f79-48df6d3edc12
"AUM MED & GEN STORE [CT], SHAPAR, SHAPAR",aum med gen store ct shapar shapar,3fea3b6b-8f62-47b7-a003-66e455fbd9da
"AUM MEDICAL GURUPRASAD 1, RAJKOT, RAJKOT",aum medical guruprasad 1 rajkot rajkot,a23611aa-ce38-4831-8711-3f8a6d31e242
"AVADH MED STORE [CT] KO.RD., RAJKOT, RAJKOT",avadh med store ct ko rd rajkot rajkot,7ab6295b-1acc-4e03-8035-7b7c78c2cbe1
AVADH MEDICAL STORE (SAHKAR RD,avadh medical store sahkar rd,4df08e2b-38cf-4ece-9f3d-cb3893cf5095
"AVADH MEDICAL STORE, RAJKOT, RAJKOT",avadh medical store rajkot rajkot,76e58b8e-a850-4d35-9363-d62a4bb840ce
"AVADH MEDICINE (CT) KO, RAJKOT, RAJKOT",avadh medicine ct ko rajkot rajkot,a53f79b0-b95d-4ac2-bbe0-84e13c70cd5c
"AVADH MEDICINE -KOTHARIYA RING, RAJKOT, RAJKOT",avadh medicine kothariya ring rajkot rajkot,8aac0e89-e54e-492b-ab71-e68a5ae3c8b6
"AVADH MEDICINE, RAJKOT, RAJKOT",avadh medicine rajkot rajkot,b4b72374-eb0c-4327-b5bb-5f6bdfe441eb
"AVADH PHARMACY (KOTHARIYA) 2, RAJKOT, RAJKOT",avadh pharmacy kothariya 2 rajkot rajkot,91461d3d-47e4-4e40-9e2d-38feaa6b3b48
"AVADH PHARMACY [CT] KOTHARIYA, RAJKOT, RAJKOT",avadh pharmacy ct kothariya rajkot rajkot,c5463f0f-ad9b-4932-ba2d-06132ec9e814
"AVADH PHARMACY(KOTHARIYA GAM), RAJKOT, RAJKOT",avadh pharmacy kothariya gam rajkot rajkot,69952a53-ffae-4c80-ae38-9ea3628a9876
"AVKAR MED STORE [CT] S.K., RAJKOT, RAJKOT",avkar med store ct s k rajkot rajkot,53d21779-b1e5-4457-98db-041fcac788c5
"AVKAR MEDICAL STORE PEDAKROAD, RAJKOT, RAJKOT",avkar medical store pedakroad rajkot rajkot,79f47867-e97e-4885-8dcc-24397d537d15
AVKAR MEDICAL STORES,avkar medical stores,62bc174f-24d6-49dc-9490-a83b0ef858a3
AVNI MEDICO (NO PRINT),avni medico no print,02b6f084-da8a-40b8-83b8-1abd2637e4de
"B V BHATT MEDICAL ( JASDAN ), jasdan, JASDAN",b v bhatt medical jasdan jasdan jasdan,79897e6b-8140-407f-a2d4-af6df08e473a
"B V BHATT MEDIICAL JASJAN, jasdan, JASDAN",b v bhatt mediical jasjan jasdan jasdan,60c4e8a0-dc56-400f-aab2-07f7c1cf7f4a
"BABULAL VISWANATH BHATT, JASDAN, JASDAN",babulal viswanath bhatt jasdan jasdan,b931adb3-d008-4411-b9c6-eaa3620a88ee
BAHUCHARAJI MEDICAL STORES,bahucharaji medical stores,cb07f67f-b82f-472f-9a1b-53b0b91b6253
BAJARANG DRUG HOUSE MRV RD.,bajarang drug house mrv rd,6e7acf04-5d4e-47b5-a15b-4dab413f483f
"BAJRANG DRUG HOUSE [CT] S.K, RAJKOT, RAJKOT",bajrang drug house ct s k rajkot rajkot,48a52f52-4d86-46c6-994c-d4ce3bf1823b
"BAJRANG M.STORE kuvadva pedak, RAJKOT, RAJKOT",bajrang m store kuvadva pedak rajkot rajkot,b3bc03bd-8f49-4ad3-9072-d9afc18907b9
"BAJRANG MED STORE [CT] S.K, RAJKOT, RAJKOT",bajrang med store ct s k rajkot rajkot,c6df2982-378a-4c35-b6b0-2e968c14b6a5
"BAJRANG MEDI STORE [CT] B.V, RAJKOT, RAJKOT",bajrang medi store ct b v rajkot rajkot,52b8cc89-aaba-47f0-bcda-2a4996d6c41a
"BAJRANG MEDI.STORE-BAJRANGVADI, RAJKOT, RAJKOT",bajrang medi store bajrangvadi rajkot rajkot,5b3189fc-f094-4471-bef0-cec3a7197d17
BAJRANG MEDICAL STORE 0796,bajrang medical store 0796,189960f0-cd3f-4389-918b-f257c63eaa89
"BAJRANG MEDICAL STORE [CT] JIVRAJ PARK, RAJKOT, RA",bajrang medical store ct jivraj park rajkot ra,8cd9711e-23a3-43cf-b0b7-031487105809
"BAJRANG MEDICAL, GUNDASARA, GUNDASARA",bajrang medical gundasara gundasara,0e3102ef-7045-49d8-afe4-856ccd94d1fe
"BALAJI M STORE [CT] PUSKAR, RAJKOT, RAJKOT",balaji m store ct puskar rajkot rajkot,41a421c1-dc80-4792-bdb0-8aafa6abe0dc
"BALAJI ME STORE [CT] S.V, RAJKOT, RAJKOT",balaji me store ct s v rajkot rajkot,2ded9231-1615-4ed7-ac22-d9dc0b4cb5af
"BALAJI MED.STORES MORBIROAD, RAJKOT, RAJKOT",balaji med stores morbiroad rajkot rajkot,b080540f-9d18-4be1-9227-eb2d58b354b3
"BALAJI MEDI.STORES - MAVDI, RAJKOT, RAJKOT",balaji medi stores mavdi rajkot rajkot,77aaa109-7841-4e8b-99cc-9e9a8f633c1b
"BALAJI MEDICAL ( GAVRIDAD ), GAVR, GAVR",balaji medical gavridad gavr gavr,90e383f3-5eef-41d1-b429-e9014842be84
"BALAJI MEDICAL ( RAMAPIR CHOWKDI ), RAJKOT, RAJKOT",balaji medical ramapir chowkdi rajkot rajkot,40660d49-7eea-4e3d-8edb-4ac4942d0591
"BALAJI MEDICAL (DT) SPEEDWELL, RAJKOT, RAJKOT",balaji medical dt speedwell rajkot rajkot,e82bdd5c-b89c-46e2-a2c1-883a50e738a8
"BALAJI MEDICAL - SPEEDWELL MAVDI, RAJKOT, RAJKOT",balaji medical speedwell mavdi rajkot rajkot,efd45c04-716c-43bc-a00e-682a48795f2a
BALAJI MEDICAL DHARAMNAGAR,balaji medical dharamnagar,906c0ce8-dc3c-4875-9bdf-73b3616424ad
BALAJI MEDICAL STORE,balaji medical store,3dc97143-9a91-4a54-a6a1-97dfebc68e48
"BALAJI MEDICAL STORE ( DHARAM NAGAR ) 7, RAJKOT, R",balaji medical store dharam nagar 7 rajkot r,1378ca53-9c41-465f-8d62-8fefe038392f
"BALAJI MEDICAL STORE - DHARAM, RAJKOT, RAJKOT",balaji medical store dharam rajkot rajkot,bd097d80-b30f-4969-87f7-41a6f5dc8bf6
"BALAJI MEDICAL STORE MARVEL HO. 1, RAJKOT, RAJKOT",balaji medical store marvel ho 1 rajkot rajkot,b964e083-d23c-484c-a91f-9714cea0d55e
BALAJI MEDICAL STORE SHAPAR,balaji medical store shapar,3dc97143-9a91-4a54-a6a1-97dfebc68e48
"BALAJI MEDICAL STORE UNI.ROAD, RAJKOT, RAJKOT",balaji medical store uni road rajkot rajkot,e3d99690-6b64-46d3-b11d-6bcf615b4f04
"BALAJI MEDICAL STORE, KUVADAVA, KUVADAVA",balaji medical store kuvadava kuvadava,282b6eae-da6a-4977-b37d-f3d6f78ba361
"BALAJI MEDICAL STORE, SHAPAR, SHAPAR",balaji medical store shapar shapar,261b9f93-55d9-4c08-b90a-66e504679f87
BALAJI MEDICINE (MAVDI),balaji medicine mavdi,951f79b4-8158-42c3-8027-8467a06cc3e9
BALAJI MEDICINE (MAVDI) 1154,balaji medicine mavdi 1154,951f79b4-8158-42c3-8027-8467a06cc3e9
"BALAJI MEDICINE 80 FOOT ROAD MAVDI-2, RAJKOT, RAJK",balaji medicine 80 foot road mavdi 2 rajkot rajk,1f926211-7f6a-48af-ace2-27611d504e83
"BALAJI MEDICINE [DT] UDGAM, RAJKOT, RAJKOT",balaji medicine dt udgam rajkot rajkot,e297065b-198d-4771-a0ca-c57d7baad926
"BALAJI MEDICINES BALAJI HALL(MAVADI-2), RAJKOT, RA",balaji medicines balaji hall mavadi 2 rajkot ra,02669a55-1f5c-4037-9320-bf1a538d3ac6
"BALAJI MEDICINES [DT] BALAJI HALL, RAJKOT, RAJKOT",balaji medicines dt balaji hall rajkot rajkot,ffca8cac-2fef-4d6b-9acc-bc61deae38ef
"BALAJI PHARMACY ( KOTHARIYA ) 2, RAJKOT, RAJKOT",balaji pharmacy kothariya 2 rajkot rajkot,39f5248e-b9de-4f6d-8fab-70d86a0a2980
"BALAJI PHARMACY (CT) SONI BAZAR, RAJKOT, RAJKOT",balaji pharmacy ct soni bazar rajkot rajkot,581554cc-e262-4952-96c5-1fd81ad53074
"BALAJI PHARMACY [CT] S.K., RAJKOT, RAJKOT",balaji pharmacy ct s k rajkot rajkot,b116bb1a-09d4-4bca-aad6-b2638a7c51f5
"BALAJI PHARMACY( SONY BAZAR), RAJKOT, RAJKOT",balaji pharmacy sony bazar rajkot rajkot,eda471fa-9d80-462a-be85-aeb8c6b2c318
"BALAJI PHARMACY- SONI BAZAR, RAJKOT, RAJKOT",balaji pharmacy soni bazar rajkot rajkot,31e39a21-ae01-44e2-8031-bd8c59f47486
"BHAGAVATI MEDICINES 7, RAJKOT, RAJKOT",bhagavati medicines 7 rajkot rajkot,47926149-c9fe-4c2b-8be6-401a8bf530d8
"BHAGVATI MEDICINES MAVADI, RAJKOT, RAJKOT",bhagvati medicines mavadi rajkot rajkot,f766c158-9ee6-4b43-8b78-a63bf043f4f1
"BHAGVATI MEDICINES [CT] MAVDI, RAJKOT, RAJKOT",bhagvati medicines ct mavdi rajkot rajkot,7cb9802e-ce3a-496d-acec-9899eb662d55
"BHAGVATI MEDICINSE MAVDI-2, RAJKOT, RAJKOT",bhagvati medicinse mavdi 2 rajkot rajkot,a8343c98-7609-48f9-9eae-cd2058275872
"BHAKTI DRUG HOUSE- PEDAK, RAJKOT, RAJKOT",bhakti drug house pedak rajkot rajkot,facc0b6a-00d0-4fae-852d-15eba48212eb
"BHAKTI M & G STORE [CT] RAIYA, RAJKOT, RAJKOT",bhakti m g store ct raiya rajkot rajkot,ed8e461d-a485-4e1d-aba0-21414964471b
"BHAKTI M.& GEN.STORE - RAIYA, RAJKOT, RAJKOT",bhakti m gen store raiya rajkot rajkot,193a5084-93ef-4787-a324-0a96a75ebd66
"BHARAT MEDICAL STORE [CT] MAVDI, RAJKOT, RAJKOT",bharat medical store ct mavdi rajkot rajkot,180c64c1-59b0-4988-8a9d-8a565256e41b
"BHARAT MEDICAL STORE(MAVDI) 1, RAJKOT, RAJKOT",bharat medical store mavdi 1 rajkot rajkot,34538f61-af48-404f-9c54-99256681ae0e
BHARAT MEDICAL STORES (WAN),bharat medical stores wan,a5194c59-8525-4a51-9514-c3a65d2f0d03
"BHAVANI M STORE [DT] ST, RAJKOT, RAJKOT",bhavani m store dt st rajkot rajkot,851082ed-d2e9-49ff-91ff-f5bf67ae4b86
"BHAVANI M.STORE - S.T. KENAL ROD, RAJKOT, RAJKOT",bhavani m store s t kenal rod rajkot rajkot,4eb56080-02e2-4166-9403-42d52bd8a2ca
"BHAVESH M STORE [CT] CHK, RAJKOT, RAJKOT",bhavesh m store ct chk rajkot rajkot,21b74d5b-9b64-427f-98c8-f77c45db5718
"BHAVESH M STORE [DT] CHK, RAJKOT, RAJKOT",bhavesh m store dt chk rajkot rajkot,1288f037-711b-49f1-ba97-5a68ab84d572
"BHAVESH M.STORE jubeli jnksan, RAJKOT, RAJKOT",bhavesh m store jubeli jnksan rajkot rajkot,1c45eda1-58c9-4fb4-9d0e-1d20ffd4e16c
"BHAVNATH M STORE [CT] KO.RD, RAJKOT, RAJKOT",bhavnath m store ct ko rd rajkot rajkot,e7305c02-2e4b-4d5c-99f5-efcbb37b3812
"BHAVNATH M. STORE kothariya, RAJKOT, RAJKOT",bhavnath m store kothariya rajkot rajkot,2c0db35c-da64-4cb0-9011-a2b06b8165d4
"BHAVNATH MEDICAL STORE 2, RAJKOT, RAJKOT",bhavnath medical store 2 rajkot rajkot,9db8ed6a-9da6-48fb-8870-9d093cd951f7
BHAVNATH MEDICAL STORES,bhavnath medical stores,841960c2-517d-469e-82e1-2cadc83327b6
"BHOOMI MEDICINES RAIYAROAD, RAJKOT, RAJKOT",bhoomi medicines raiyaroad rajkot rajkot,4725cc6c-6f6b-4471-b203-5727e768ced3
BHUPESH MEDICINES,bhupesh medicines,591db925-3d9c-410b-8610-6d94be341555
"BHUPESH MEDICINES 7, RAIYA ROAD, RAJKOT",bhupesh medicines 7 raiya road rajkot,ed48b1af-8f58-49bb-b768-5d9909011235
BINA MEDICINES,bina medicines,5a1ce9e0-d41c-454c-bc2c-c5ec36e65780
"BIOCARE MEDICINES(CT)RAIYA, RAJKOT, RAJKOT",biocare medicines ct raiya rajkot rajkot,67dd4c9e-c021-4a79-925b-2b00902b48ee
"BOYAM PHARMA, RAJKOT, RAJKOT",boyam pharma rajkot rajkot,aa76c284-a2c6-4d77-a0e8-5bae9d557654
"BOYUM PHARMA, RAJKOT, RAJKOT",boyum pharma rajkot rajkot,6839d001-1f4a-4da4-81b3-6c03265d3f08
"C.A. MED STORE, METODA, METODA",c a med store metoda metoda,17a86bd7-a511-4c49-8beb-35ec1dcd50bf
"C.A.CHEMIST, SHAPAR, SHAPAR",c a chemist shapar shapar,5819ae3b-3c6f-422f-ab35-01d21f87dd28
"C.A.MEDICAL STORE, MATODA, MATODA",c a medical store matoda matoda,ed1c05a2-c92a-4a19-9354-6cf55fc6d023
"CHETNA MED.STORE RAIYA ROAD, RAJKOT, RAJKOT",chetna med store raiya road rajkot rajkot,7731abed-57b7-4a9c-b767-0e1741290caf
"CHETNA MEDICAL STORE 7, RAIYA ROAD, RAJKOT",chetna medical store 7 raiya road rajkot,f559e669-d544-4fbe-baea-6cfa4ba102c9
"DARSHAN MED STORE [DT] BABRA, BABRA, BABRA",darshan med store dt babra babra babra,8ccda90c-218a-4152-8175-69eb35ffdfef
"DARSHAN MED STORE, SHAPAR, SHAPAR",darshan med store shapar shapar,224a4316-4346-4099-b9d6-73e009723a27
"DARSHAN MED.STORE, BABARA, BABARA",darshan med store babara babara,7942b2e4-d0ca-4b64-be13-687f37a70ebe
DARSHAN MEDICAL STORES BABRA,darshan medical stores babra,f6e5c4a4-f22e-4bcb-8c17-9c9a89bf8071
"DAX MEDICINES - MAVDI, RAJKOT, RAJKOT",dax medicines mavdi rajkot rajkot,140c572c-0b14-4044-abd7-99a5df70832c
"DAX MEDICINES 1, RAJKOT, RAJKOT",dax medicines 1 rajkot rajkot,ef85178b-4073-4165-82ba-fcc99e00d6a0
"DAXINI ENTERPRISE PRIVATE LIMITED, RAJKOT, RAJKOT",daxini enterprise private limited rajkot rajkot,c5c3e0f4-cbf0-4eb3-8940-d960dd97bd71
"DAXINI ENTERPRISE PVT LTD SALE, RAJKOT, RAJKOT",daxini enterprise pvt ltd sale rajkot rajkot,3d5c32e6-d542-4a87-81f9-b58e0b3dab9d
"DENISHA MEDICINE, GAURIDAD, GAURIDAD",denisha medicine gauridad gauridad,d397fe0f-af38-4860-b5a7-661358a0006b
"DEV PHARMACY ( AIRPORT ROAD ), RAJKOT, RAJKOT",dev pharmacy airport road rajkot rajkot,f05cea7b-0908-4a21-a3d0-501ae4f9a6b8
"DEV PHARMACY [CT] AIRPORT, RAJKOT, RAJKOT",dev pharmacy ct airport rajkot rajkot,fb142aac-01e2-4015-9240-2affa1a3c416
"DEV PHARMCY AIRPORT ROAD, RAJKOT, RAJKOT",dev pharmcy airport road rajkot rajkot,4b5b0d1c-0760-44bb-8f24-480e154d86b9
"DEV-PUSHP M STORE [DT] RAIYA, RAJKOT, RAJKOT",dev pushp m store dt raiya rajkot rajkot,f2c84cda-22cd-46b7-956d-6bb1d45471f2
DEV-PUSHP MED STORE SANGANVA,dev pushp med store sanganva,f18222b7-9d55-48d5-b865-cdf8afc0be1b
"DEV-PUSHP MEDICAL STORE [DT]S.T., RAJKOT, RAJKOT",dev pushp medical store dt s t rajkot rajkot,a1a7962b-c962-4470-9d14-a92291d9df1d
"DEVAKI MEDICAL STORE [CT] MAVDI, RAJKOT, RAJKOT",devaki medical store ct mavdi rajkot rajkot,8590323d-ed2e-4f46-87af-fc8d4cd52279
"DEVAYASHY PHARMA, RAJKOT, RAJKOT",devayashy pharma rajkot rajkot,4fdfb38b-b898-4f8c-b759-bd25f18d1458
"DEVKI MEDICAL STORE - mavdi, RAJKOT, RAJKOT",devki medical store mavdi rajkot rajkot,78d3c1d6-eb3e-4875-b5d5-cb936d6272a1
"DEVPUSHAP M. STORE rayaroad, RAJKOT, RAJKOT",devpushap m store rayaroad rajkot rajkot,5a5981eb-565e-4548-b7b6-0f43458e9fde
"DEVPUSHP MEDICAL STORE ( SANGANAVA CHOEK, RAJKOT, ",devpushp medical store sanganava choek rajkot,89853990-e468-4987-8624-8f4a24fe3e70
"DEVPUSHP MEDICAL STORE -S.T., RAJKOT, RAJKOT",devpushp medical store s t rajkot rajkot,f1b06733-4662-49c3-b392-49ca9622b609
"DEVPUSHP MEDICAL STORE( WHOLSALE) 7, RAJKOT, RAJKO",devpushp medical store wholsale 7 rajkot rajko,ff7f72f6-311a-4b74-8742-98c1ac346c45
"DHARMI MEDI STORE [CT]G.CHK, RAJKOT, RAJKOT",dharmi medi store ct g chk rajkot rajkot,83ca4930-3608-4e6b-b02d-c435ade3ca60
"DHARMI MEDICINE [CT] AJI, RAJKOT, RAJKOT",dharmi medicine ct aji rajkot rajkot,17af7f2d-7c4d-4d9f-8d5f-462c2a100128
"DHARMIK M STORE [CT] B.V, RAJKOT, RAJKOT",dharmik m store ct b v rajkot rajkot,fafce5c1-1dfb-4ebe-8848-26de155addb7
"DHARTI M AGENCY [DT] V.N., RAJKOT, RAJKOT",dharti m agency dt v n rajkot rajkot,55f944e7-b195-4fa1-8b5c-3d7f9ae5b568
"DHRUV MEDICINES BHIMNAGAR 1, RAJKOT, RAJKOT",dhruv medicines bhimnagar 1 rajkot rajkot,fc2b0ef1-37d7-4644-8c23-9e171a2e4c1a
"DISHA MEDICAL STORE - JUNCTION, RAJKOT, RAJKOT",disha medical store junction rajkot rajkot,b0caf51b-89f7-4ccf-b47a-c06cba132f77
DISHA MEDICAL STORE JUNCTION,disha medical store junction,9fadbdcc-b8d7-4684-b68d-abb7693ab341
"DOSHI BROTHERS, WANKANER, WANKANER",doshi brothers wankaner wankaner,6f50c40b-d01c-49f8-a909-f93128bc4e92
"DR A M KAPASI, RAJKOT, RAJKOT",dr a m kapasi rajkot rajkot,af2bbff7-9a4a-42aa-846e-697a174e8832
"DR ABHAY BAGATHARIYA, RAJKOT, RAJKOT",dr abhay bagathariya rajkot rajkot,03d86eac-4d41-4322-9559-db486d320ca0
"DR B K PATEL, RAJKOT, RAJKOT",dr b k patel rajkot rajkot,b32e5f8b-d9cf-4d88-9ac8-fd22153550dd
"DR BHUMIKA KALARIA, RAJKOT, RAJKOT",dr bhumika kalaria rajkot rajkot,48c11456-8d46-422a-b039-5328c3ada68b
"DR BRIJESH MONPARA, KALAVAD, KALAVAD",dr brijesh monpara kalavad kalavad,312f686e-7419-4266-bbfe-b9032ff46e2f
"DR H K DANGAR, RAJKOT, RAJKOT",dr h k dangar rajkot rajkot,b0bd719b-2c48-44fb-b5aa-5d4c6fe3c6d4
"DR JAYDEV BHUVA 2, RAJKOT, RAJKOT",dr jaydev bhuva 2 rajkot rajkot,2b4a6bb4-363c-4929-9ef8-b57ead68d12d
"DR KETAN LIMBASIYA, GAURIDAL, GAURIDAL",dr ketan limbasiya gauridal gauridal,531ac645-331b-4d27-ba1a-093d345a55a2
"DR KRUNAL GONDALIYA, RAJKOT, RAJKOT",dr krunal gondaliya rajkot rajkot,c3133686-3095-4323-b7a2-8f6c0406c34f
"DR KUSUMBEN AMRUTLAL DOSHI MEDICAL STORE, MORBI, M",dr kusumben amrutlal doshi medical store morbi m,47d96e13-fc37-4071-81c5-19e381a9f0eb
"DR L P GANATRA, RAJKOT, RAJKOT",dr l p ganatra rajkot rajkot,6516a053-21aa-4650-862c-aa56876ee177
"DR MEET PATEL, RAJKOT, RAJKOT",dr meet patel rajkot rajkot,8651affa-95b8-404d-8820-3454d6253083
"DR MEHUL DOBARIYA, RAJKOT, RAJKOT",dr mehul dobariya rajkot rajkot,a42d623f-01b0-46d7-b551-36f8c4be0c4f
"DR NEHABEN MARAVIYA - MOVADI 1, RAJKOT, RAJKOT",dr nehaben maraviya movadi 1 rajkot rajkot,3df08fd0-9796-4f59-a90d-9acfe7f57c33
"DR P M PATEL 2, RAJKOT,",dr p m patel 2 rajkot,9aab391b-0629-496d-b31e-c2a71e0ae8b5
"DR PARTH P PATEL, RAJKOT, RAJKOT",dr parth p patel rajkot rajkot,dcd1d65e-08a5-4aa4-be7d-a691d60e5195
"DR PRASHANT J. KOTHIVAR, RAJKOT, RAJKOT",dr prashant j kothivar rajkot rajkot,a2878a6e-fe1d-4ee6-8334-5846f263fcaa
"DR SANDEEP BAVADIYA, THORDI, THORDI",dr sandeep bavadiya thordi thordi,64243ee7-1fb1-413f-a50d-ad1be18ff67f
"DR SUNIL KUKARVADIYA, ,",dr sunil kukarvadiya,46255462-1935-4962-bebf-eec138073411
"DR SWAPNIL PATEL, ,",dr swapnil patel,dca0d97a-2c0e-447f-baa4-f29f45e9613a
"DR.A.H.POPTANI V.N., RAJKOT, RAJKOT",dr a h poptani v n rajkot rajkot,9fb8cad7-f534-49b0-b648-26af2a33a454
"DR.A.L.SHINHA JUNCTION, RAJKOT, RAJKOT",dr a l shinha junction rajkot rajkot,d2a3fa91-5df6-42f0-9e63-814763c2ece1
"DR.A.S.MEHTA JUNCTION, RAJKOT, RAJKOT",dr a s mehta junction rajkot rajkot,c19cb496-82f6-4a19-b982-550e9eb1970e
"DR.B.C.SHAH junction, RAJKOT, RAJKOT",dr b c shah junction rajkot rajkot,5b0f7786-9333-44cd-8392-1235ab32c61f
"DR.KOMAL VIRDA, MATODA, MATODA",dr komal virda matoda matoda,7d2907f6-dbc3-432e-be4e-f9063c825f27
"DVR PHARMA AGENCY -KEVDAWADI, RAJKOT, RAJKOT",dvr pharma agency kevdawadi rajkot rajkot,9b898608-ae58-4638-bc71-8e2373126f65
"EARTH PHARMA - RAIYA, RAJKOT, RAJKOT",earth pharma raiya rajkot rajkot,ece9d87e-17b8-4f61-9110-cfabb14da58d
"EARTH PHARMA [DT] RAIYA, RAJKOT, RAJKOT",earth pharma dt raiya rajkot rajkot,f1e35563-a8c7-4fe8-905c-7d015723def8
"EARTH PHARMA, RAJKOT, RAJKOT",earth pharma rajkot rajkot,293b202e-6e7e-4a17-bebc-fae1c3911bee
"EQUINOX PHARMACY, 150 FET RING ROAD, RAJKOT",equinox pharmacy 150 fet ring road rajkot,dd9dacd0-352f-4887-a929-6f6a20d07a31
"EQUINOX PHARMACY, RAJKOT, RAJKOT",equinox pharmacy rajkot rajkot,dbc61802-eb2c-4eb4-9e0f-9d1cbf2ef5ba
"FLOWRENCE HOSPITAL MAVDI, RAJKOT, RAJKOT",flowrence hospital mavdi rajkot rajkot,7a170854-87a3-499c-b387-57349e5916de
"FLOWRENCE HOSPITAL, RAJKOT, RAJKOT",flowrence hospital rajkot rajkot,48737d7a-de5e-4950-a964-2d46374b7b93
"GAJANAN MEDICINE, RAJKOT, RAJKOT",gajanan medicine rajkot rajkot,fd77ea03-a6b1-4de1-b394-d9cbb9798d80
GAJANAN MEDICINES (NANA MAVA),gajanan medicines nana mava,6635dfe1-631b-4dd7-898e-3744d38c154c
"GAJANAN MEDICINES- BHIMNAGAR, RAJKOT, RAJKOT",gajanan medicines bhimnagar rajkot rajkot,a58111c4-5946-4497-a375-320c57ce9277
"GAJANAND MEDICINES [CT] NANA MOVA, RAJKOT, RAJKOT",gajanand medicines ct nana mova rajkot rajkot,80941a25-e884-4fb1-8744-c41e3ada4019
GANESH MEDICAL HALL KHAREDI,ganesh medical hall kharedi,090611a5-30a2-4b67-be4b-ddf08b8c2703
"GAURAV MEDICINES 7, RAIYA ROAD, RAJKOT",gaurav medicines 7 raiya road rajkot,5c6e0b47-d57f-438b-9e85-240e3e80a6f9
"GAYATRI M STORE [DT] VISHWAS, RAJKOT, RAJKOT",gayatri m store dt vishwas rajkot rajkot,532df740-86f9-4adc-bc4b-3708669dea10
"GAYATRI M.CENTRE [DT] MAIN, RAJKOT, RAJKOT",gayatri m centre dt main rajkot rajkot,d45dee3c-d45d-447e-bfc8-3ae19314fdd3
GAYATRI MEDICAL CENTRE,gayatri medical centre,f4a898b5-0288-4163-8031-4eb28b9ee13d
"GAYATRI MEDICAL STORE RADHE HOTEL 1, RAJKOT, RAJKO",gayatri medical store radhe hotel 1 rajkot rajko,84d77bcd-5aae-4513-95c8-cffa5f11b6f6
GAYATRI MEDICINES RAIYA ROAD,gayatri medicines raiya road,0e1cad54-f365-4d96-b7af-3e92fbca2495
"GAYATRI MEDICO [DT] MAVDI, RAJKOT, RAJKOT",gayatri medico dt mavdi rajkot rajkot,c0c8c658-c169-4818-b575-74dc62379ef3
"GAYTRI M. S. MAVDI RADHE HOTEL, RAJKOT, RAJKOT",gaytri m s mavdi radhe hotel rajkot rajkot,4130da17-2a1b-499b-9cd3-4165151486d1
"GAYTRI M.CENTER- MAIN vidhya, RAJKOT, RAJKOT",gaytri m center main vidhya rajkot rajkot,5b7b4850-08de-46e2-9c7d-7a9c4a6413fb
"GAYTRI MEDICINES RAIYACHOKDI, RAJKOT, RAJKOT",gaytri medicines raiyachokdi rajkot rajkot,7a372113-5998-451f-a572-100913233830
GETWELL MEDICINE,getwell medicine,4789d7ae-c10e-45f0-ae51-6f8058cc825d
"GETWELL MEDICINE JAGNATH, RAJKOT, RAJKOT",getwell medicine jagnath rajkot rajkot,fd30a8c3-0dc1-4912-87bc-6e0116addd36
"GETWELL MEDICINE [CT] AST, RAJKOT, RAJKOT",getwell medicine ct ast rajkot rajkot,27d8311e-a4ab-4370-8a33-0fcd5c3f1c0c
GHANSHYAM DRUG HOUSE,ghanshyam drug house,a7e17111-e19c-4653-a9f5-be95bd625656
"GIRIRAJ M STORE [CT] KO.RO, RAJKOT, RAJKOT",giriraj m store ct ko ro rajkot rajkot,10c1cae1-aa35-47c0-9b5e-273cae77eba4
"GIRIRAJ PHARMACY [CT] NEHRU, RAJKOT, RAJKOT",giriraj pharmacy ct nehru rajkot rajkot,e7cdb414-81c5-4213-bbc6-f067b50b6033
GLOBAL MEDICAL STORE,global medical store,7c40329d-1b9d-40ef-aa48-389cc9ab93bd
"GLOBEL PHARMACY [CT] MAVDI, RAJKOT, RAJKOT",globel pharmacy ct mavdi rajkot rajkot,1fa7d46c-5d4e-4658-abd9-11691c13eec6
"GOKUL MEDICAL STORE, SHAPAR, SHAPAR",gokul medical store shapar shapar,3c685ba9-2b6d-478a-800a-6fc131f15981
"GOPALANI MEDICINE junction, RAJKOT, RAJKOT",gopalani medicine junction rajkot rajkot,789e41e6-d950-46c5-8c93-be7bdcdee170
"GOPLANI MEDICINE 3, RAJKOT, RAJKOT",goplani medicine 3 rajkot rajkot,02458125-c982-4127-91b6-d45b65316452
"GOPLANI MEDICINE [CT] JUCT, RAJKOT, RAJKOT",goplani medicine ct juct rajkot rajkot,215d928e-90fe-41f1-89b1-bbf8f32c6313
GOPLANI MEDICINES,goplani medicines,18e6d4c1-51d5-4f80-a67f-a73ac2b9ff81
GREENLIFE PHARMACY & GENERAL STORE,greenlife pharmacy general store,233d51da-40c1-433e-ac81-71a5d936f8f3
"GUJRAT MEDICAL STORE - RAIL NAGAR, RAJKOT, RAJKOT",gujrat medical store rail nagar rajkot rajkot,aeb6fe45-09d0-4ced-81d5-04e219eac03f
"GURUDATT MEDI.STORE MAVDI, RAJKOT, RAJKOT",gurudatt medi store mavdi rajkot rajkot,b9abef14-15e5-4d77-a719-c7de293cf1aa
"GURUDUTT M STORE [CT] MAVDI, RAJKOT, RAJKOT",gurudutt m store ct mavdi rajkot rajkot,d8d2708f-eabc-4cd4-9fe0-df1fda4d9e27
HARIKRUSHNA PHARMACY,harikrushna pharmacy,2421f1eb-1302-47e2-96d0-c0c9426d5627
"HARIKRUSHNA PHARMACY 1, RAJKOT, RAJKOT",harikrushna pharmacy 1 rajkot rajkot,f8a3e50b-7f7f-48b6-8a20-91cdbbd0f4e2
"HARIKRUSHNA PHARMACY [CT] JIVRAJ PARK, RAJKOT, RAJ",harikrushna pharmacy ct jivraj park rajkot raj,b2c67c33-2344-4f0f-bc04-027b75cfb08b
"HEALTH PLUS MEDICAL [CT] KANGASIYALI, RAJKOT, RAJK",health plus medical ct kangasiyali rajkot rajk,6adc56b2-d3f9-4a99-8ddd-4a10c63eec51
"HEALTH PLUS MEDICAL, RAJKOT, RAJKOT",health plus medical rajkot rajkot,fa21534c-f5c5-40cb-9f0c-747d99be4f09
"HEALTH PLUS MEDICAL- KANGASIYALI, RAJKOT, RAJKOT",health plus medical kangasiyali rajkot rajkot,fa21534c-f5c5-40cb-9f0c-747d99be4f09
HEALTHCARE MEDICAL STORE,healthcare medical store,d1c273ab-115d-4dcb-ac7c-eb6f7e472974
"HEALTHCARE MEDICINES & AGENCY GAYTRNG, RAJKOT, RA",healthcare medicines agency gaytrng rajkot ra,cef2f4e1-6e27-44eb-8afc-d249d701f598
"HEALWELL PHARMACY, RAJKOT, RAJKOT",healwell pharmacy rajkot rajkot,9946f50d-7c43-4bc1-9c8c-4263bde83ae8
"HEER PHARMACY 1, RAJKOT, RAJKOT",heer pharmacy 1 rajkot rajkot,ab6c98f6-3d16-43e6-aeeb-20b921ddbcb8
"HEER PHARMACY [CT] K.ROAD, RAJKOT, RAJKOT",heer pharmacy ct k road rajkot rajkot,c55c34e3-0cec-4302-bbea-52f8332c81c7
"HITEN MEDICAL STORE, DWARKA, DWARKA",hiten medical store dwarka dwarka,6c6ff1a7-1c4a-4ffc-893d-b63a8fd73afb
"HOPE M.AGENCY KALAVAD ROAD, RAJKOT, RAJKOT",hope m agency kalavad road rajkot rajkot,bb41ac8d-daf3-4769-9471-8fda33abdd30
"HOPE MEDICAL AGENCY 6, RAJKOT, RAJKOT",hope medical agency 6 rajkot rajkot,12e2ab68-058d-406a-91b6-a7acd62be857
"JAGRUTI MEDICINES 2, RAJKOT, RAJKOT",jagruti medicines 2 rajkot rajkot,752d9cdb-e041-43ad-86cd-b8fa78515d8e
"JAGRUTI MEDICINES [CT] BNC, RAJKOT, RAJKOT",jagruti medicines ct bnc rajkot rajkot,8317633a-844c-46fe-bd88-f0044e7dfa4f
"JAGRUTI MEDICINES kotharia bha, RAJKOT, RAJKOT",jagruti medicines kotharia bha rajkot rajkot,dc8b6d4c-438f-4884-b33d-9165bbecac67
JALARAM MEDICAL STORES C.W.,jalaram medical stores c w,9eb96952-566d-499d-9b04-33413e5fd910
"JAN SEVA AUSHADH KENDRA ( JUNCTION ), RAJKOT, RAJK",jan seva aushadh kendra junction rajkot rajk,8b656ebb-b45b-4ec2-aa72-09210f70133b
"JAY BAJARANG M.S. junction, RAJKOT, RAJKOT",jay bajarang m s junction rajkot rajkot,e0b3b402-fb07-47d0-bd2a-529f11d4657e
"JAY BAJRANG M.STORE [CT] JUCT, RAJKOT, RAJKOT",jay bajrang m store ct juct rajkot rajkot,5773724b-b426-4622-ae60-258557d443f9
"JAY CHAMUNDA M STORE [DT] MAVDI, RAJKOT, RAJKOT",jay chamunda m store dt mavdi rajkot rajkot,47a9d013-2530-497c-8c89-15e587355bea
"JAY JALARAM DRUG HOUSE pedakro, RAJKOT, RAJKOT",jay jalaram drug house pedakro rajkot rajkot,8890e86b-18a3-406d-902a-438338d558f7
"JAY JALARAM M.STORE S.T., KUVADVA, KUVADVA",jay jalaram m store s t kuvadva kuvadva,64d8aaff-fbc5-4084-98fc-800605f28f7a
"JAY JALARAM MED ST [CT] S.T, RAJKOT, RAJKOT",jay jalaram med st ct s t rajkot rajkot,a8d7ecbb-d488-4d1d-ae02-279e2dac29a2
"JAY JALARAM MEDICAL STORES ( KUVADVA ), RAJKOT, RA",jay jalaram medical stores kuvadva rajkot ra,06a1cf1c-e10b-4fb9-be75-802768c77f01
JAY JALARAM MEDICAL STORES (KUVADVA),jay jalaram medical stores kuvadva,48bb1b83-8d3b-465b-8895-43bd52afe7b9
"JAY JALRAM MED.STORE s.t., RAJKOT, RAJKOT",jay jalram med store s t rajkot rajkot,8bd1fd08-a617-48a9-bebc-6385a6df24f9
JAY MEDICAL 80FT ROAD,jay medical 80ft road,2ce1d601-7d6c-4ba8-b183-0bdee66d0b2a
"JAY MEDICAL STORE [CT] S.K., RAJKOT, RAJKOT",jay medical store ct s k rajkot rajkot,7a95bfbc-9f3f-4ff0-b40a-51d894ead9ab
"JAY MEDICAL STORE(RAMNATH PAR MAIN ROAD), RAJKOT, ",jay medical store ramnath par main road rajkot,615eb202-d346-492c-8c8b-f89a9fab23c6
"JAYDIP MED.STORE KOTHARIYA, RAJKOT, RAJKOT",jaydip med store kothariya rajkot rajkot,4e4f5540-9f0d-4903-b1e5-839213bee3da
"JEET PHARMACY [CT] BHAGVATI PARA, RAJKOT, RAJKOT",jeet pharmacy ct bhagvati para rajkot rajkot,ef028af3-b30b-4867-b76f-f90d9995451c
"JITESH MED STORE [CT] S.K., RAJKOT, RAJKOT",jitesh med store ct s k rajkot rajkot,d1013947-fa80-4bda-b157-3e74ff996be1
"JITESH MEDI.STORE pedakrod, RAJKOT, RAJKOT",jitesh medi store pedakrod rajkot rajkot,ad9bc3c5-f315-475c-a5dd-96c7f1181b96
"JITESH MEDICAL STORE, RAJKOT, RAJKOT",jitesh medical store rajkot rajkot,e3a3dba2-376f-4b0d-b96e-2d9d7f790430
"JYOTHI PHARMA, RAJKOT, RAJKOT",jyothi pharma rajkot rajkot,10a22777-16a9-470c-9403-dee72ac18b65
"JYOTI PHARMA [CT] K.ROAD, RAJKOT, RAJKOT",jyoti pharma ct k road rajkot rajkot,30965136-6876-46db-bd34-28205c166970
"K D WELLNESS (CT) JK CHOWK, RAJKOT, RAJKOT",k d wellness ct jk chowk rajkot rajkot,48e65b6a-f308-4cff-9d34-5e8504a638b4
"K D WELLNESS NAMH MEDI, RAJKOT, RAJKOT",k d wellness namh medi rajkot rajkot,03d65717-afac-4d8a-92b9-435fbf46752f
"K.D. WELLNESS - UNIVERCITY, RAJKOT, RAJKOT",k d wellness univercity rajkot rajkot,27ccba56-45da-445b-a8ab-284840818fd4
"KAILASH MED.HOUES dhebrrod, RAJKOT, RAJKOT",kailash med houes dhebrrod rajkot rajkot,edd4b8eb-1e43-474f-bcae-df2b1235c1a7
"KARAN M & CON.STORE kalavd roa, RAJKOT, RAJKOT",karan m con store kalavd roa rajkot rajkot,f6d1cbde-d244-4076-a577-de3f96e5f4c9
"KARAN MEDI.&CO.STORE [CT] K.R, RAJKOT, RAJKOT",karan medi co store ct k r rajkot rajkot,5f872d6b-84e3-49b8-b90d-f3fd9472fa11
"KARAN MEDICINE & CON. ST. 6, RAJKOT, RAJKOT",karan medicine con st 6 rajkot rajkot,1043c7a8-8dba-45b3-bd1e-d8f00fd7121b
KARAN MEDICINE & CONSUMERS ST.,karan medicine consumers st,348e7d63-ca62-4712-9cfc-4ba38892deaf
"KASTBHANJAN MEDICAL(JIVRAJ PARK), RAJKOT, RAJKOT",kastbhanjan medical jivraj park rajkot rajkot,cc7f7d36-7497-4aa9-be41-0569cdf72e30
"KEDAR MEDICAL [DT] MADHAPAR, RAJKOT, RAJKOT",kedar medical dt madhapar rajkot rajkot,d2f1b4b3-47b6-4895-b4cd-06fc9a4ba9eb
"KEDAR MEDICINES [CT] ATIKA, RAJKOT, RAJKOT",kedar medicines ct atika rajkot rajkot,c7716182-ac61-4785-9146-697e907c8506
"KEDAR MEDICINES, RAJKOT, RAJKOT",kedar medicines rajkot rajkot,4d863a79-5a7d-45a9-903f-3f9495fb3102
"KEDAR MEDICINES- AHIR CHOK, RAJKOT, RAJKOT",kedar medicines ahir chok rajkot rajkot,5f1c321d-da39-480c-bd17-408d5aa4b068
"KESHAV MED STORE (CT) S.K, RAJKOT, RAJKOT",keshav med store ct s k rajkot rajkot,c4441eac-70f8-41ea-afe2-0607dcebf1ee
"KESHAV MEDICINE(KOTHARIYA) 2, RAJKOT, RAJKOT",keshav medicine kothariya 2 rajkot rajkot,799a3d40-18ce-45b6-8ba8-33a778ac831a
"KESHAV MEDICINES [CT] KO.RO, RAJKOT, RAJKOT",keshav medicines ct ko ro rajkot rajkot,de3f306f-7096-4c26-8da4-d90aff7021bf
"KESHAV MEDICINES(KOTHARIYA ROAD), RAJKOT, RAJKOT",keshav medicines kothariya road rajkot rajkot,689949ef-833b-4a72-886c-b6b47b1b6cf8
"KHAREDI MEDICALSTORE, KALAVAD, KALAVAD",kharedi medicalstore kalavad kalavad,55d93583-f132-4c16-ac17-938f912b2c68
KHODIYAR M. ST. KOTHARIA,khodiyar m st kotharia,e03e7941-9e9a-4695-8882-6b67c77e2602
"KHODIYAR M.STORE MAVDI-2, RAJKOT, RAJKOT",khodiyar m store mavdi 2 rajkot rajkot,ef4a431f-6c01-4271-8dcc-8818d25b5564
"KHODIYAR MED STORE [CT] KO.RO, RAJKOT, RAJKOT",khodiyar med store ct ko ro rajkot rajkot,867a535e-ccfc-4663-a3f7-2859f58d515b
"KHODIYAR MEDICAL STORE - MOVADI 1, RAJKOT, RAJKOT",khodiyar medical store movadi 1 rajkot rajkot,a9199c79-b88e-4313-af5c-c47fa049d6a5
"KHODIYAR MEDICAL STORE [CT] MAVDI, RAJKOT, RAJKOT",khodiyar medical store ct mavdi rajkot rajkot,51473532-f0e8-4878-bd89-5949cd0e3c54
"KHODIYAR MEDICAL STORE, RAJKOT, RAJKOT",khodiyar medical store rajkot rajkot,2d6fa023-d8a6-4700-8bcd-a655e6c80d12
"KHODIYAR MEDICAL(LODHIKA), RAJKOT, RAJKOT",khodiyar medical lodhika rajkot rajkot,f10d8630-3244-47ee-bb9e-827aa680acc4
"KHODIYAR MEDICAL, LODHIKA, LODHIKA",khodiyar medical lodhika lodhika,994c1644-d00b-4c19-a85f-d2f5c58d543a
"KHUSBU MED. & GEN. STORE junct, RAJKOT, RAJKOT",khusbu med gen store junct rajkot rajkot,d16893dd-88b5-449e-92e1-ea3c7b6c3541
"KISHAN PHARMA - NANA MAVA, RAJKOT, RAJKOT",kishan pharma nana mava rajkot rajkot,930d2f24-01ee-4182-b90f-d3a7fc09421c
"KISHAN PHARMA, RAJKOT, RAJKOT",kishan pharma rajkot rajkot,f19ce07e-8032-43e1-88ac-b8ef615ed364
KOTAK BROTHERS,kotak brothers,ccc9cb0e-f55b-4137-a375-88caa49c25c9
"KOTAK MEDICINES motitanki chok, RAJKOT, RAJKOT",kotak medicines motitanki chok rajkot rajkot,1ab9a030-6a77-42e8-b54e-9d907428b53c
"KRISHIKA MEDICINES-BAPASITARAM CHOK, RAJKOT, RAJKO",krishika medicines bapasitaram chok rajkot rajko,3335b98c-c06a-4a70-9101-1191bb06e4a6
"KRISHNA CHEMIST., SHAPAR, SHAPAR",krishna chemist shapar shapar,93a918db-b1e5-4cae-8090-d034bf08e461
"KRISHNA M STORE (CT) G.N, RAJKOT, RAJKOT",krishna m store ct g n rajkot rajkot,dc6deb62-3d17-4b40-bffc-eb1d6a7db39b
"KRISHNA M. STORE, SHAPAR VERAVAL, SHAPAR VERAVAL",krishna m store shapar veraval shapar veraval,c3e53340-4be3-4f4f-96d4-f98f8e007c46
"KRISHNA M.S. Kotharia main rod, RAJKOT, RAJKOT",krishna m s kotharia main rod rajkot rajkot,ee019607-427f-4b04-84f5-d8bdc2b07588
"KRISHNA MED STORE, SHAPAR, SHAPAR",krishna med store shapar shapar,46061839-9841-411d-aaf0-26a0f1fb5dd2
"KRISHNA MEDICAL (SPEEDWELL), RAJKOT, RAJKOT",krishna medical speedwell rajkot rajkot,8094059e-382e-42c8-9de9-0321ed6286b7
"KRISHNA MEDICAL STORE ( MORBI ROAD), RAJKOT, RAJKO",krishna medical store morbi road rajkot rajko,a170e088-a1e2-49f4-be7d-e6b4ce1e65f4
KRISHNA MEDICAL STORE (MEHULNAGAR),krishna medical store mehulnagar,7d6d2751-3cff-468a-a515-12aea9f26000
"KRISHNA MEDICAL STORE LAXMAN TOWN SHIP 1, RAJKOT, ",krishna medical store laxman town ship 1 rajkot,ca2a2cb6-b527-4e67-af77-af830f43dcd3
"KRISHNA MEDICAL STORE NILKANTH CINEMA, RAJKOT, RAJ",krishna medical store nilkanth cinema rajkot raj,ef51482c-8ef7-4302-880c-a4a9c0da97bc
"KRISHNA MEDICAL STORE, GUNDASARA, GUNDASARA",krishna medical store gundasara gundasara,2a49250a-3f8e-4f42-bece-90a431d26451
"KRISHNA MEDICAL STORE, SHAPAR, SHAPAR",krishna medical store shapar shapar,58b71541-f95a-4fb1-8694-e5e12393bced
"KRISHNA MEDICAL [CT] KO.RO, RAJKOT, RAJKOT",krishna medical ct ko ro rajkot rajkot,17ffab7b-e5da-403a-9aaf-3442b2d7c02c
"KRISHNA MEDICAL [CT] SPEEDWELL, RAJKOT, RAJKOT",krishna medical ct speedwell rajkot rajkot,71cdcb8f-5e35-472f-903a-20adc8a037e8
KRISHNA MEDICINES PARADISE,krishna medicines paradise,fbf70013-f178-4bd3-bde3-4850b1c04e72
"KRISHNA MEDICINES RAIYA ROAD 7, RAJKOT, RAJKOT",krishna medicines raiya road 7 rajkot rajkot,e0d816b5-6fed-49ec-a086-c90df21ee7dd
"KRISHNA MEDICINES [CT] J, RAJKOT, RAJKOT",krishna medicines ct j rajkot rajkot,b585dd2c-e41a-406b-9d4e-7f3c24d6fd37
"KRUPA MEDICINES (CT) DHEBAR, RAJKOT, RAJKOT",krupa medicines ct dhebar rajkot rajkot,0c63cf18-33c5-4e28-b9b6-88f4c5cd7ed8
"KRUPA MEDICINES - S.T., RAJKOT, RAJKOT",krupa medicines s t rajkot rajkot,00991e3a-d263-4153-a101-b14831b4c490
"KRUPA MEDICINES.. 4, RAJKOT, RAJKOT",krupa medicines 4 rajkot rajkot,6b487ef4-8d21-416f-bf9e-c065a084d0a7
"KRUPA MEDICO - MAVDI, RAJKOT, RAJKOT",krupa medico mavdi rajkot rajkot,433767a3-6ac8-4271-8b1b-d8fe0d0e249d
"KRUPA MEDICO, RAJKOT, RAJKOT",krupa medico rajkot rajkot,ae5eec9e-6047-41c1-a20f-fb472d5416f9
"LALA CHEMIST [CT] G.G, RAJKOT, RAJKOT",lala chemist ct g g rajkot rajkot,c0d6ce0e-7172-4a51-b2c3-4afd69c0cd7e
"LALA CHEMIST gandhigram, RAJKOT, RAJKOT",lala chemist gandhigram rajkot rajkot,a8a0556f-fa9e-4935-a66e-a3332335e60b
"LAXMI MEDICINES [CT] CHK, RAJKOT, RAJKOT",laxmi medicines ct chk rajkot rajkot,dfe3c36c-1376-4d2e-97c9-10127327ac34
"LAXMI MEDICINES motitanki, RAJKOT, RAJKOT",laxmi medicines motitanki rajkot rajkot,373083ed-6f16-47cd-b5b5-7540a75030d3
"LAXMIDHAR M STORE [CT] J.R, RAJKOT, RAJKOT",laxmidhar m store ct j r rajkot rajkot,b98eec22-9a47-4292-930d-9db551e3a734
LIBERTY PHARMACY,liberty pharmacy,d37ec664-8c11-4a0b-98b3-47ab7990a0cb
"LIBERTY PHARMACY [CT] UNI.ROAD, RAJKOT, RAJKOT",liberty pharmacy ct uni road rajkot rajkot,157d2b41-f510-448a-9746-ec3e53f37ead
"LIBERTY PHARMACY(PUSHKAR DHAM), RAJKOT, RAJKOT",liberty pharmacy pushkar dham rajkot rajkot,6bb75bb5-daa0-46ae-9c89-6942c1c9fe27
LIFE CARE PHARMA NAGESHWAR,life care pharma nageshwar,75d36dec-c1aa-4384-9746-cc289f9c8b04
"LIFECARE MEDICINES [CT] AST, RAJKOT, RAJKOT",lifecare medicines ct ast rajkot rajkot,6f852414-d19a-4548-8457-f48274837fe1
"LIFECARE PHARMA (CT) NP, RAJKOT, RAJKOT",lifecare pharma ct np rajkot rajkot,939c1717-392a-43af-82ec-a2d9d1de23b2
"LIFECARE PHARMA-NAGESWAR, RAJKOT, RAJKOT",lifecare pharma nageswar rajkot rajkot,8f502b5d-f20d-458a-8878-627bdf6281b8
"LIFECARE PHARMACY [CT] N.P, RAJKOT, RAJKOT",lifecare pharmacy ct n p rajkot rajkot,b0302b7a-e94a-48a0-90b7-8b9e833005f4
"LIFECARE PHARMACY [CT] S.K, RAJKOT, RAJKOT",lifecare pharmacy ct s k rajkot rajkot,b116bb1a-09d4-4bca-aad6-b2638a7c51f5
"LIFECARE PHARMACY- PEDAK, RAJKOT, RAJKOT",lifecare pharmacy pedak rajkot rajkot,33730267-cd79-4930-b1d7-a0b05c02c022
"LIFECARE PHARMCY NAGESHWAR PARK, RAJKOT, RAJKOT",lifecare pharmcy nageshwar park rajkot rajkot,f6eb8efc-26b0-445b-afa8-af4d56d9ac28
"M.D MEDICAL STORE(RAIYA), RAJKOT, RAJKOT",m d medical store raiya rajkot rajkot,2e3ca358-051e-4f58-86a3-8c0a8bb38d02
"M/S BABULAL VISHVNATH BHATT MEDICAL JASD, jasdan, ",m s babulal vishvnath bhatt medical jasd jasdan,49db339e-2c57-4e15-aed0-318ad358bc5c
"MA MEDICAL & GENERIC STORE, RAJKOT, RAJKOT",ma medical generic store rajkot rajkot,da6417a5-8ea1-4707-9875-1dace1df0e83
"MAA ASHAPURA MEDCINES POPTPARA, RAJKOT, RAJKOT",maa ashapura medcines poptpara rajkot rajkot,e8e14831-7571-4615-a2f7-37621ebb9b9d
"MAA ASHAPURA MEDICAL 3, RAJKOT, RAJKOT",maa ashapura medical 3 rajkot rajkot,c7c4ba8b-5c9a-4f88-9a12-85a390483df8
"MAA ASHAPURA MEDICINE [CT] RAIL NAGAR, RAJKOT, RAJ",maa ashapura medicine ct rail nagar rajkot raj,d64cdb17-cd70-4787-bee7-8ad9d31fc2ec
MAA ASHAPURA MEDICINES,maa ashapura medicines,d219e6da-a2ff-49fd-905e-d942ca3842da
MAA ASHAPURA PHARMACY,maa ashapura pharmacy,6dc2dc6c-af5c-4ccf-b85d-79be31143393
MAA MEDICAL STORE,maa medical store,0d65db13-8777-4ace-8ce5-26ddbaa8c06e
MAA MEDICAL STORE (1044),maa medical store 1044,0d65db13-8777-4ace-8ce5-26ddbaa8c06e
"MAA MEDICAL STORE [CT] KO, RAJKOT, RAJKOT",maa medical store ct ko rajkot rajkot,00c82d91-2101-4cdd-af47-c4736ef4714a
"MAA MEDICAL STORE-GHANTESWAR, RAJKOT, RAJKOT",maa medical store ghanteswar rajkot rajkot,8c8ea9f2-833d-4c1b-89ff-052bcdf77711
"MADHAV DRUG, RAJKOT, RAJKOT",madhav drug rajkot rajkot,386b5397-aa58-475d-bf76-92adebf549fc
MADHAV M STORES KOTHARIA,madhav m stores kotharia,0e7573de-21a0-4cfa-8e13-211817ba28f3
MADHAV M STORES KOTHARIA 0678,madhav m stores kotharia 0678,0e7573de-21a0-4cfa-8e13-211817ba28f3
"MADHAV MED STORE [CT] KO.RO, RAJKOT, RAJKOT",madhav med store ct ko ro rajkot rajkot,b1544d36-c221-4dcc-9b11-816c7e1309c1
"MADHAV MEDICAL ( RAIYA EX ) 7, RAJKOT, RAJKOT",madhav medical raiya ex 7 rajkot rajkot,c8d2079c-8154-4583-8aba-2d960009c543
"MADHAV MEDICINE MADHAV PARK, RAJKOT, RAJKOT",madhav medicine madhav park rajkot rajkot,76bee599-d0f6-46b3-9ee9-f2623d1ce73a
"MADHAV MEDICINES MORBI ROAD, RAJKOT, RAJKOT",madhav medicines morbi road rajkot rajkot,1aa9df8d-fc8b-4fcd-8c23-fe5b187d8910
"MADHAV MEDICINES SADHUVASVANI, RAJKOT, RAJKOT",madhav medicines sadhuvasvani rajkot rajkot,adab61f1-2661-4a5e-a228-35bced52ed95
MADHAV MEDICINES SV RD 138,madhav medicines sv rd 138,1267b583-a4bf-4474-9929-649cb5fd2bd5
"MADHAV MEDICINES [CT] G.CHK, RAJKOT, RAJKOT",madhav medicines ct g chk rajkot rajkot,ab20e094-093c-411e-a026-7e342ca2bb01
"MADHAV MEDICINES [CT] MO.RO, RAJKOT, RAJKOT",madhav medicines ct mo ro rajkot rajkot,5cf69676-f212-4ba8-83a0-bfc042bc26c2
"MADHAV MEDICINES [DT] S.V, RAJKOT, RAJKOT",madhav medicines dt s v rajkot rajkot,41d4b885-0def-4f16-8dfd-2cdaf4486c92
"MADHULI M STORE [CT] RAIYA, RAJKOT, RAJKOT",madhuli m store ct raiya rajkot rajkot,b90efe52-2ade-411c-a568-0b91e07279cb
"MADHULI MED&GEN[CT]RAIL NAGAR, RAJKOT, RAJKOT",madhuli med gen ct rail nagar rajkot rajkot,32ebc9af-3b66-471d-b883-56bb3b8640cf
MADHULI MEDICAL STORES,madhuli medical stores,09d2f5f9-c489-4ca5-a868-756794384cbc
"MADHURAM M.STORE sonibazar, RAJKOT, RAJKOT",madhuram m store sonibazar rajkot rajkot,c51fa44e-d2df-4643-aab9-868c684f0246
"MADHURAM MEDICAL STORE 4, RAJKOT, RAJKOT",madhuram medical store 4 rajkot rajkot,2ff58b55-f334-46da-9a6b-f47a8cc2dbdb
"MADHURAM MEDICINES gandhig, RAJKOT, RAJKOT",madhuram medicines gandhig rajkot rajkot,ee3c501f-c4f3-41f2-a9cd-be9aea0b3d72
"MAHADEV MEDICAL STORE-AJIDEM, RAJKOT, RAJKOT",mahadev medical store ajidem rajkot rajkot,8593504d-b1f0-4092-9f89-ee2b10131842
"MAHI MEDICAL STORE (PUNIT), RAJKOT, RAJKOT",mahi medical store punit rajkot rajkot,56642c13-0b44-4917-bd89-97c58759dd65
"MAMTA CHILDREN HOSPITAL [CT] S.T, RAJKOT, RAJKOT",mamta children hospital ct s t rajkot rajkot,40b5c865-94ac-440a-bd93-cbdcbb68578e
"MANAV KALYAN MANDAL TRUST RAJKOT, RAJKOT, RAJKOT",manav kalyan mandal trust rajkot rajkot rajkot,d9008e2c-7bc8-4ed1-8aec-63c867cb7995
"MANAV MED STORE (CT), RAJKOT, RAJKOT",manav med store ct rajkot rajkot,1e8ec365-edb5-40d8-9614-ca0d01b1839f
"MANAV MEDICAL STORE, KALAVAD ROAD, RAJKOT",manav medical store kalavad road rajkot,d55c2aa9-710a-48db-bf93-e14351443f1f
"MANAV MEDICINES bajrangvadi,, RAJKOT, RAJKOT",manav medicines bajrangvadi rajkot rajkot,95cf40f6-bcd5-4b8c-a9c2-623ee8571ff1
"MANGLAM M.HOUSE kalavdrod, RAJKOT, RAJKOT",manglam m house kalavdrod rajkot rajkot,cdc4e4a2-e1b4-4c17-9013-78959b77b47d
"MANGLAM MED STORE [CT] M.R., RAJKOT, RAJKOT",manglam med store ct m r rajkot rajkot,cccb98ac-6e25-4041-b975-67f8ea4b3e3e
"MANGLAM MEDI HOUSE [CT] K.R, RAJKOT, RAJKOT",manglam medi house ct k r rajkot rajkot,283ce57e-185e-4eb8-b9d8-80798979b580
"MANGLAM MEDICINE [CT] N.M, RAJKOT, RAJKOT",manglam medicine ct n m rajkot rajkot,a9645f62-09a4-49d6-94ae-838a7eed164d
"MANGLAM MEDICINES [DT] V.N., RAJKOT, RAJKOT",manglam medicines dt v n rajkot rajkot,1e99ed91-8729-4338-a544-6420dee02804
"MANSI MEDICINES ( MORBI ROAD ) 4, RAJKOT, RAJKOT",mansi medicines morbi road 4 rajkot rajkot,62497148-9f14-466f-93b0-71468eb0f728
"MANSI MEDICINES [CT] MO.ROAD, RAJKOT, RAJKOT",mansi medicines ct mo road rajkot rajkot,fa348240-bcb6-40b4-9835-321902b76a8c
"MANSI MEDICINES- MORBI ROD, RAJKOT, RAJKOT",mansi medicines morbi rod rajkot rajkot,de170d1a-855c-4566-842d-09f98c2713c3
"MARUTI MED STORE [DT] RAIYA, RAJKOT, RAJKOT",maruti med store dt raiya rajkot rajkot,d9c2b5e5-ceb1-4ed8-af96-10bf3fbabf44
"MARUTI MED.STORES mavadi, RAJKOT, RAJKOT",maruti med stores mavadi rajkot rajkot,7d6c0394-6c9e-4d9a-8bca-e23ae8265ad2
"MARUTI MEDICAL STORE [CT] KO, RAJKOT, RAJKOT",maruti medical store ct ko rajkot rajkot,83dbfcac-a8a2-4abd-b168-2cfa459f2fe5
"MARUTI MEDICINES -RAYA NANAVATICHOK, RAJKOT, RAJKO",maruti medicines raya nanavatichok rajkot rajko,9274a7cf-13c2-4408-9b51-4a79314bfde2
"MARUTI MEDICINES [DT]NANAWATI, RAJKOT, RAJKOT",maruti medicines dt nanawati rajkot rajkot,d58ba473-45a7-4720-945e-5e5c3ad0b889
"MARUTI PHARMACY (CT) MO.RO, RAJKOT, RAJKOT",maruti pharmacy ct mo ro rajkot rajkot,cc8689e6-2626-405e-a7f2-b9532d6f2543
"MARUTI PHARMACY- SATTELITECHOK, RAJKOT, RAJKOT",maruti pharmacy sattelitechok rajkot rajkot,d8e71ba0-d2d5-4a15-b995-647ee8e40a39
"MARUTINANDAN PHARMACY [CT] S.K., RAJKOT, RAJKOT",marutinandan pharmacy ct s k rajkot rajkot,b116bb1a-09d4-4bca-aad6-b2638a7c51f5
"MARUTINANDAN PHARMACY [DT] S.K., RAJKOT, RAJKOT",marutinandan pharmacy dt s k rajkot rajkot,8879d166-34f6-4ed3-a4e7-c078f558a3a7
"MARUTINANDAN PHARMACY- RANCHODNAGAR, RAJKOT, RAJ",marutinandan pharmacy ranchodnagar rajkot raj,43673a6c-cbaa-4b04-8a5a-c4b82e0d8cc6
"MARUTINANDAN PHARMACY- RANCHODNAGAR, RAJKOT, RAJKO",marutinandan pharmacy ranchodnagar rajkot rajko,1909f7a8-0c59-4fec-9b28-dfabfade23b3
"MAVJAT MEDICAL SORE, AMARELI, AMARELI",mavjat medical sore amareli amareli,c78ca569-965c-4fc6-9b92-9a5abd614360
"MAVJAT MEDICAL STORE (CT), AMRELI, AMRELI",mavjat medical store ct amreli amreli,f42aa9cb-2dbd-4c3b-9647-7f4f44b124a5
"MAVJAT MEDICAL STORE (DT), AMRELI, AMRELI",mavjat medical store dt amreli amreli,23966985-e83b-4571-8f97-44be93d6fe21
MAVJAT MEDICAL STORE AMRELI,mavjat medical store amreli,d322e39b-076a-4e92-a3bc-dbef0c0c4b29
"MAVJAT MEDICAL STORE, AMRELI, AMRELI",mavjat medical store amreli amreli,d3ca8717-cff8-4797-bba4-4ad5abf54771
"MAYUR MEDICAL & GENERAL STORE-D MART-PED, RAJKOT, ",mayur medical general store d mart ped rajkot,4b69da7e-804f-4cef-8ca1-8d0ace6a0f82
"MAYUR MEDICAL STORE & GENERAL STORE, RAJKOT, RAJKO",mayur medical store general store rajkot rajko,c705aab2-51e8-49e1-9330-a1342f7b52d8
"MEDICINE HUB 24*7, RAJKOT, RAJKOT",medicine hub 24 7 rajkot rajkot,faab8f85-7d65-4a29-b5ce-7a82199a4201
"MEDONE MEDICAL STORE KOTHARIA 2, RANCHHOD NAGAR, R",medone medical store kotharia 2 ranchhod nagar r,479c0e1f-8ef8-445a-995b-573971c90307
"MEDSZI MEDICAL STORE[DT] N.M., RAJKOT, RAJKOT",medszi medical store dt n m rajkot rajkot,870ca978-a9db-4171-970d-a2a8ddf5a8dc
"MEET MEDICINES [CT] RAIYA, RAJKOT, RAJKOT",meet medicines ct raiya rajkot rajkot,03fc130b-7400-4987-8fec-c0e3d516f2e2
"MEET MEDICINS raiyachowkdi, RAJKOT, RAJKOT",meet medicins raiyachowkdi rajkot rajkot,c6375647-adde-46dc-bbdc-3cce08a715a7
"METRO MED & GEN STORE [DT] BHAGVATI PARA, RAJKOT, ",metro med gen store dt bhagvati para rajkot,ed1be977-d3d1-4e18-a700-ea1bb89b78ec
METRO MEDICAL STORE & GENERAL,metro medical store general,3d3c94cd-cfc7-4356-bb08-1530da3ca38d
"METRO PHARMA., RAJKOT, RAJKOT",metro pharma rajkot rajkot,344118fe-181c-4bac-bec2-071fe1632cef
"MILLENNIUM PHARMACY - SITAL PARK, RAJKOT, RAJKOT",millennium pharmacy sital park rajkot rajkot,083f82a7-ec7c-4aca-ba70-f6f333d62320
"MILLENNIUM PHARMACY [CT] SHITAL PARK, RAJKOT, RAJK",millennium pharmacy ct shital park rajkot rajk,7e85483e-ec1f-4d1c-acd7-5d01c68ac04e
"MILLENNIUM PHARMACY, RAJKOT, RAJKOT",millennium pharmacy rajkot rajkot,9ae28c59-c1d3-44c6-aa24-d6347803efe1
MITUL MEDICINES,mitul medicines,4d23a3d0-4257-43f9-8ac5-e23f4e9a3b08
"MIVAAN MEDICINES - PEDAK, RAJKOT, RAJKOT",mivaan medicines pedak rajkot rajkot,464e7780-3a1c-4f14-aa53-056f613e882c
"MORI MEDIZONE(KRISHNA NAGAR), RAJKOT,",mori medizone krishna nagar rajkot,29375353-164c-4140-88bd-d9ea312651fb
MOTIWALA MEDICINES,motiwala medicines,dd60b218-a3da-4426-ae6c-1ced2e263c45
"MOTIWALA MEDICINES [CT]S.K., RAJKOT, RAJKOT",motiwala medicines ct s k rajkot rajkot,67b4040b-68f4-459e-ba81-041cc98fe644
"MOTIWALA MEDICINES sonibaz, RAJKOT, RAJKOT",motiwala medicines sonibaz rajkot rajkot,6065036a-8fb5-44ab-8073-45fe40ecae5b
"MOTIWALA MEDIMALL [DT] KO.RO, RAJKOT, RAJKOT",motiwala medimall dt ko ro rajkot rajkot,5a4309cb-8407-42cd-9680-f2f725357247
"MOTIWALA MEDISHOPEE [DT] S.T., RAJKOT, RAJKOT",motiwala medishopee dt s t rajkot rajkot,f5e793aa-6f9d-4c94-9ca8-5c5aa84de12d
MOTIWALA MEDISHOPPE,motiwala medishoppe,2ac74a9e-d931-4760-8831-8875e63c5900
"MOTIWALA MEDISHOPPE pelece SMR, RAJKOT, RAJKOT",motiwala medishoppe pelece smr rajkot rajkot,3a0cbae3-ed81-4495-8d43-a741e54f3e4e
"MOTIWALA MEDISOPPE, RAJKOT, RAJKOT",motiwala medisoppe rajkot rajkot,f1418abe-4c0f-48a4-ae8b-bb4fd17b99fd
"MURLIDHAR M STORE [DT] G.N., RAJKOT, RAJKOT",murlidhar m store dt g n rajkot rajkot,d320fec2-ff51-43dc-a584-17811f405022
"MURLIDHAR MEDICAL STORE 2, RAJKOT, RAJKOT",murlidhar medical store 2 rajkot rajkot,f47985ae-c5f9-4dd5-937d-6da2d48bc337
MURLIDHAR MEDICAL STORES,murlidhar medical stores,70d2ee6c-888c-42ae-a08a-47ece8c792af
MUSKAN MEDICAL KOTHARIYA,muskan medical kothariya,0aec3f7a-0058-4176-8a64-e378706f3fea
"MUSKAN MEDICAL [CT] KO.RO, RAJKOT, RAJKOT",muskan medical ct ko ro rajkot rajkot,13fe0993-dd39-467b-a87a-f1667c7f2b44
"NAVKAR M STORE [CT] G.N., RAJKOT, RAJKOT",navkar m store ct g n rajkot rajkot,41abc514-8368-4a03-9a2a-4bd48170cbb1
"NAVKAR MED.S.kotharia gaytri, RAJKOT, RAJKOT",navkar med s kotharia gaytri rajkot rajkot,bd0317fa-7426-4b17-aa3c-1c73c5bbed99
NAVKAR MEDICAL STORES,navkar medical stores,b94a5a31-9e20-4b7e-8a01-b769993fcebb
"NEELKANTH M STORE [DT] KO.RD, RAJKOT, RAJKOT",neelkanth m store dt ko rd rajkot rajkot,d52baee8-2af6-4ad4-99a4-1aecf9359d94
"NEELKANTH MEDICAL STORES, RAJKOT, RAJKOT",neelkanth medical stores rajkot rajkot,861d3097-1031-47f2-b478-b704e4dcc31e
"NEW BAJARANG MEDICINESkuvadvar, RAJKOT, RAJKOT",new bajarang medicineskuvadvar rajkot rajkot,eee7d130-4826-40b4-82fe-60524b77e191
"NEW BOMBAY MED [CT] MAVDI, RAJKOT, RAJKOT",new bombay med ct mavdi rajkot rajkot,e603487a-9e1c-4111-878c-cba7b632472f
"NEW BOMBAY MEDICINE - MAVDI, RAJKOT, RAJKOT",new bombay medicine mavdi rajkot rajkot,7e283781-7226-48de-b8d8-50edb0a96465
"NEW BOMBAY MEDICINE [CT] MAVDI, RAJKOT, RAJKOT",new bombay medicine ct mavdi rajkot rajkot,a1cfacfe-5479-4146-9e81-b98cb1da8579
"NEW BOMBAY PHARMACY (CT) AYODHYA, RAJKOT, RAJKOT",new bombay pharmacy ct ayodhya rajkot rajkot,afce5f44-4fab-4c4c-857a-f3da285d2965
"NEW BOMBAY PHARMACY - AYODHYACHOK, RAJKOT, RAJKOT",new bombay pharmacy ayodhyachok rajkot rajkot,46a17455-8970-4a73-a9a2-8c7888b75a43
"NEW BOMBAY PHARMACY, RAJKOT, RAJKOT",new bombay pharmacy rajkot rajkot,46de6369-4742-44c5-8658-6f351ea6458e
"NEW BOMBY MEDICALS mavdi, RAJKOT, RAJKOT",new bomby medicals mavdi rajkot rajkot,064f8710-c9af-4f51-ac73-1ada968713b1
"NEW GANESH MEDIZONE [CT] B.V, RAJKOT, RAJKOT",new ganesh medizone ct b v rajkot rajkot,93774c9d-d2da-4fc6-a8a4-dc654b681b53
"NEW PATEL M & G STORE [CT] KO.RO, RAJKOT, RAJKOT",new patel m g store ct ko ro rajkot rajkot,fc0efc8c-304f-46bd-b316-df5d1951719c
"NEW PATEL M CENTRE[CT] KO.RO, RAJKOT, RAJKOT",new patel m centre ct ko ro rajkot rajkot,86d256d4-1cae-45a8-b99a-dea47fbc4dbe
"NEW PATEL M.CENTER kothariya, RAJKOT, RAJKOT",new patel m center kothariya rajkot rajkot,b44845e3-c88b-43be-839c-56683d766ae3
NEW PATEL MEDICAL CENTRE,new patel medical centre,854b92eb-f4c7-4971-95f1-076e5cc676ea
"NEW RAGHAV MEDI STORE [CT] MO.RO, RAJKOT, RAJKOT",new raghav medi store ct mo ro rajkot rajkot,be3328d5-2337-461a-94f1-9a2098f964b7
"NEW RAGHAV MEDICAL STORE (MO RO) 4, RAJKOT, RAJKOT",new raghav medical store mo ro 4 rajkot rajkot,1a35ddbc-8853-4473-b5bd-16e31aa0d863
"NEW SHREEJI M STORE [CT]KO.RD., RAJKOT, RAJKOT",new shreeji m store ct ko rd rajkot rajkot,593e8dd0-9ebb-4a42-942d-8b3d6851c102
NEW SHREEJI MEDICAL STORES 393,new shreeji medical stores 393,e257ef42-7e91-4820-8988-163f58c2fc2f
"NILKANTH MED.STORE kotharia r, RAJKOT, RAJKOT",nilkanth med store kotharia r rajkot rajkot,41536fc8-b466-4542-8b05-50aec32f8b30
NILKANTH MEDICINE (RAILNAGAR.),nilkanth medicine railnagar,b6fd2d4d-524e-4eff-9208-435289e28e5d
"NILKANTH PHARMACY (CT)N.M, RAJKOT, RAJKOT",nilkanth pharmacy ct n m rajkot rajkot,14b05168-549d-4463-9058-efbc69b5bc58
"NILKANTH PHARMACY, RAJKOT, RAJKOT",nilkanth pharmacy rajkot rajkot,f521e8e0-0c40-4740-b804-a2d6bdb0a263
"NILKANTH PHARMACY-SANSKAR ANKWELL, RAJKOT, RAJKOT",nilkanth pharmacy sanskar ankwell rajkot rajkot,324452fe-dc13-45aa-bd97-641b58b88ea8
NILSAN PHARMACY,nilsan pharmacy,533cf305-af8e-4033-9077-9571bdee77ed
"NILSON PHARMACY [CT] UNI.ROAD, RAJKOT, RAJKOT",nilson pharmacy ct uni road rajkot rajkot,7d38fbf4-7a94-4b41-ac3e-ec79bfd64546
"NILSON PHARMACY, RAJKOT, RAJKOT",nilson pharmacy rajkot rajkot,4fec23ba-3385-4f56-846f-27f081aaebed
"NOBEL MED STORE [DT] K.R, RAJKOT, RAJKOT",nobel med store dt k r rajkot rajkot,a44c4aa3-4097-4ae6-bebc-20bf0ce203c7
"OM MEDI.STORE KOTHARIYAGAM, RAJKOT, RAJKOT",om medi store kothariyagam rajkot rajkot,673aae9e-f883-42ee-bd51-4d2f1c142289
"OM MEDI.STORE, SARADHAR, SARADHAR",om medi store saradhar saradhar,b00f1bd9-8e9f-481f-bc40-d2d0e7eaa8b5
"OM MEDICAL (RAIYA ROAD), RAJKOT, RAJKOT",om medical raiya road rajkot rajkot,5b353936-e39b-40a3-9946-6b59da799a45
"OM MEDICAL AGENCY, RAJKOT, RAJKOT",om medical agency rajkot rajkot,68f4fd21-b090-4775-be24-4fb1968dd12d
OM MEDICAL STORE ANAND NAGAR,om medical store anand nagar,4675f6cb-7343-4c50-8aab-8c7ef0f690ac
OM MEDICAL STORE KOTHARIA 634,om medical store kotharia 634,3a987c07-c5ba-4210-b28a-8a93cafee182
"OM MEDICAL STORE MAVDI, RAJKOT, RAJKOT",om medical store mavdi rajkot rajkot,0dd9a17d-28d5-4879-9172-4d3a8242ee6d
"OM MEDICAL STORE [CT] ANAND NAGAR, RAJKOT, RAJKOT",om medical store ct anand nagar rajkot rajkot,8174cde9-91d7-4847-9159-e1f2ebe9878f
"OM MEDICAL [CT] J.R, RAJKOT, RAJKOT",om medical ct j r rajkot rajkot,82a7c5f4-a67f-4489-a6db-fa0bff353a9b
"OM MEDICINES [CT] RAIYA, RAJKOT, RAJKOT",om medicines ct raiya rajkot rajkot,9e07109d-9f1c-4b6c-9db0-002da96ed648
"OM MEDICINES raiya hanumanma, RAJKOT, RAJKOT",om medicines raiya hanumanma rajkot rajkot,0b8eeda8-d31f-4a18-9168-10e18a1c01c2
"OM MEDICINES, MATODA, MATODA",om medicines matoda matoda,c8b16b5f-6bbe-4446-a431-f6fde5b3db2a
"OM PHARMACY (MAVDI) 1, RAJKOT, RAJKOT",om pharmacy mavdi 1 rajkot rajkot,ed3f9967-8131-4150-bcfa-682f6fb91dc5
"OM PHARMACY -BAPASITARAM MAVDI-2, RAJKOT, RAJKOT",om pharmacy bapasitaram mavdi 2 rajkot rajkot,29faf7f3-81de-4aa6-be13-42f00a5e1978
OM SHANTI MEDICINES,om shanti medicines,27899dbe-af96-41ac-8d07-44dfa7676054
"OM SHANTI MEDICINES BAB. COLONY, RAJKOT, RAJKOT",om shanti medicines bab colony rajkot rajkot,5d307ec2-f3f6-443b-855c-b291e58890ac
"OM SHANTI MEDICINES [CT] KO.RO, RAJKOT, RAJKOT",om shanti medicines ct ko ro rajkot rajkot,8f5b3b36-e8b2-49cd-8c4c-43345efe1bbf
"OM SHANTI MEDICINES- BABRIYA, RAJKOT, RAJKOT",om shanti medicines babriya rajkot rajkot,9e594368-1f43-43a0-97b5-268fc28274a2
"OMKAR MEDICINS V.N., RAJKOT, RAJKOT",omkar medicins v n rajkot rajkot,f6eb73d2-385a-4aa4-abbd-72cefe2bad75
"ONE STOP PHARMACY [CT] S.T., RAJKOT, RAJKOT",one stop pharmacy ct s t rajkot rajkot,17163134-fbc6-4584-be9d-0b505563d761
"ONE STOP PHARMACY, RAJKOT, RAJKOT",one stop pharmacy rajkot rajkot,11036f90-ebd1-404c-ae16-be6f7ae2e352
"ONE STOP PHARMCY - BUS STAND, RAJKOT, RAJKOT",one stop pharmcy bus stand rajkot rajkot,3d567d4e-def4-4ada-8b7b-fa343901458d
"ONLYMED PHARMACY- S.T., RAJKOT, RAJKOT",onlymed pharmacy s t rajkot rajkot,d3cbac46-cfbc-4b83-8b70-95c33ddda3e1
"ORION PHARMACY 4, RAJKOT, RAJKOT",orion pharmacy 4 rajkot rajkot,52bc9872-ebac-4bfc-bc6f-51ec8afbf456
"ORION PHARMACY, RAJKOT, RAJKOT",orion pharmacy rajkot rajkot,1f40da3a-6d89-40b9-a109-4e4128ce1396
OSHO MEDICINES,osho medicines,815d94d2-8c10-4292-a971-30115e79cc5b
"OSHO MEDICINES [CT] K.RD., RAJKOT, RAJKOT",osho medicines ct k rd rajkot rajkot,b7f38501-5165-4b2d-b106-772bac02bbcf
"OSHO MEDICINES kalavadrod, RAJKOT, RAJKOT",osho medicines kalavadrod rajkot rajkot,63669a14-78f4-4715-b526-6a5936f1b7db
"PALAK MEDICAL STORE, RAJKOT, RAJKOT",palak medical store rajkot rajkot,e238c217-c69a-4af6-85f5-011a7683c660
"PALAV MEDICALS [CT] KO.RO, RAJKOT, RAJKOT",palav medicals ct ko ro rajkot rajkot,3cdbd9a4-7c7e-43c6-9115-2e16d466cf41
"PANCHESHWAR MEDICAL SADHUVASVN, RAJKOT, RAJKOT",pancheshwar medical sadhuvasvn rajkot rajkot,d4674595-13b3-4a5f-ad39-05064e5064e7
"PANCHESWAR MEDICAL [CT] U.R., RAJKOT, RAJKOT",pancheswar medical ct u r rajkot rajkot,206002b5-9070-4dd7-a639-f76ce7c1f43c
"PARAS PHARMACY, RAJKOT, RAJKOT",paras pharmacy rajkot rajkot,1c33de74-7aff-4898-874a-a3ed94590133
PARESH CHEMIST,paresh chemist,6b867013-1238-4cdd-ad5e-239ea95fe6da
PARI MEDICINE,pari medicine,2e09d5fd-071a-47d6-87ab-cf87b9f365cd
"PARI MEDICINES [CT] RAIYA, RAJKOT, RAJKOT",pari medicines ct raiya rajkot rajkot,7c55d361-89b8-4337-9068-538275ab11c3
"PARSHVAM MEDICAL STORE MOTI TANKI, RAJKOT, RAJKOT",parshvam medical store moti tanki rajkot rajkot,498e0816-c4cf-4228-8d6e-447e1b953faa
"PARTH CAMEST, RAJKOT, RAJKOT",parth camest rajkot rajkot,fd8db24e-09e5-4acf-9ff5-ff03214c453c
"PARTH CHEMIST [DT] K.R, RAJKOT, RAJKOT",parth chemist dt k r rajkot rajkot,57e2eb22-90e3-460e-adc2-8c006877e669
PARTH MEDICAL STORE LAJAI,parth medical store lajai,bd9124d1-bee2-4c2c-80bf-083939ab2b45
"PARTH PHARMACY [CT] AMBICA T., RAJKOT, RAJKOT",parth pharmacy ct ambica t rajkot rajkot,eabd8b26-d481-403e-b850-26b8ebcb6c63
PARV MEDICINES,parv medicines,74807dd1-e111-4da6-a5eb-11daf88c4ee0
PATEL DRUG,patel drug,24c415da-cd94-4aba-9ff4-228599e2ccc3
"PATEL MED STORE, METODA, METODA",patel med store metoda metoda,d87fe42a-e49f-4d13-a1f6-3fe88c121ad5
"PATEL MEDI STORE [CT] KUVADVA ROAD, RAJKOT, RAJKOT",patel medi store ct kuvadva road rajkot rajkot,a8ae34f0-8d83-4819-a242-48550240b574
PATEL MEDICAL & GENERAL STORE BHAGVATI PARA,patel medical general store bhagvati para,68ba2c20-db83-4556-9594-3d889de5a9ad
PATEL MEDICAL STORE,patel medical store,68ba2c20-db83-4556-9594-3d889de5a9ad
"PATEL MEDICAL STORE (MAVADI) 1, RAJKOT, RAJKOT",patel medical store mavadi 1 rajkot rajkot,453b8d11-88d2-4a0c-bc21-0c42618b97df
"PATEL MEDICINE - MORBI ROD, RAJKOT, RAJKOT",patel medicine morbi rod rajkot rajkot,9eee3eeb-7726-44b4-bba0-b247a09112f6
PATEL MEDICINE MORBI ROAD,patel medicine morbi road,ebdbb25e-13ba-421e-bae8-01d66dde5823
"PATEL MEDICINE [CT] MO.RO, RAJKOT, RAJKOT",patel medicine ct mo ro rajkot rajkot,50c979c0-88dd-4614-a009-5400be1298c5
"PAVAN MEDI STORE [CT]KO.RD., RAJKOT, RAJKOT",pavan medi store ct ko rd rajkot rajkot,4c144ee3-b57c-4440-860e-a983ea0326b4
"PAVAN MEDICAL(SHAPAR VERAVAKL), SHAPAR VERAVAL, SH",pavan medical shapar veravakl shapar veraval sh,9da569b3-6b27-4903-a8e1-3424174be371
"PAVAN MEDICAL, SHAPAR, SHAPAR",pavan medical shapar shapar,94b93407-1e1b-4fc0-9559-70a946de1444
"PAYAL MEDICINE, RAJKOT, RAJKOT",payal medicine rajkot rajkot,0ba00a9f-348a-4776-8c24-7e12eefdaa0c
PAYAL MEDICINES AMIN MARG,payal medicines amin marg,a9372b01-022c-43a9-a971-61ffcceba42b
"PAYAL MEDICINES AMIN MARG, RAJKOT, RAJKOT",payal medicines amin marg rajkot rajkot,23ddd82c-c6c2-4e34-8336-2c9104ddbc17
"PAYAL MEDICINES [DT] AMIN, RAJKOT, RAJKOT",payal medicines dt amin rajkot rajkot,3bea3654-aac7-4bf8-80a2-0dbe1bf3f5e6
"PHARMA WORLD INDIRA CIRCLE 6, RAJKOT, RAJKOT",pharma world indira circle 6 rajkot rajkot,d52196da-aade-4f39-baf0-60ae8f826086
"PHARMA WORLD NANA MAVA, RAJKOT, RAJKOT",pharma world nana mava rajkot rajkot,cdf2ee9e-38c5-43b5-9a86-25aa10cd6e64
"PHARMAWORLD [CT] IC BRANCH, RAJKOT, RAJKOT",pharmaworld ct ic branch rajkot rajkot,b15b4683-b01d-49f6-bae0-0b6557d976ac
"PHARMAWORLD [CT] MAVDI, RAJKOT, RAJKOT",pharmaworld ct mavdi rajkot rajkot,f3853793-f6cb-4b87-8a8f-9df7ed89a6a8
"PHARMAWORLD i.c.branch uni.rod, RAJKOT, RAJKOT",pharmaworld i c branch uni rod rajkot rajkot,3fa4143a-ca11-49dc-8d69-b4a7b5582092
"POOJA MEDICINES [CT]S.T., RAJKOT, RAJKOT",pooja medicines ct s t rajkot rajkot,81aee18c-57a6-42d1-acfa-6cd151b077c4
"POOJA MEDICINES kevdavadi, RAJKOT, RAJKOT",pooja medicines kevdavadi rajkot rajkot,3e6f818d-1d98-497a-9d2f-ed6d8234c724
"POOJA MEDICINES, RAJKOT, RAJKOT",pooja medicines rajkot rajkot,be7879f7-e0a9-4be0-a2b2-8f23587580e4
"PRAMUKH MEDICAL [CT] GOVARDHAN, RAJKOT, RAJKOT",pramukh medical ct govardhan rajkot rajkot,abc0c8ce-7cc6-4e2b-88c0-26b680c67926
"PRAMUKH MEDICAL- GOVERDHAN CHOK, RAJKOT, RAJKOT",pramukh medical goverdhan chok rajkot rajkot,0a2560e8-dfc5-4703-a650-066a513b4aa6
"PRANALI MEDICINES 2, RAJKOT, RAJKOT",pranali medicines 2 rajkot rajkot,90d8b4d8-f89c-41b1-90b8-26096341eb5a
PRANALI MEDICINES 560,pranali medicines 560,fc272152-d815-4919-acd7-ea945bacca29
"PRANALI MEDICINES [CT] BNC, RAJKOT, RAJKOT",pranali medicines ct bnc rajkot rajkot,a4d25be2-9c03-4acf-a6d9-07f4829c7675
"PRANALI MEDICINES bhaktingr, RAJKOT, RAJKOT",pranali medicines bhaktingr rajkot rajkot,a76bc6aa-27d2-4894-8668-4f68fb8fea01
"PRATHAM MEDICINES, RAJKOT, RAJKOT",pratham medicines rajkot rajkot,5691c753-df10-4472-bf20-2fd2da904d59
"PRAVIN M STORE [DT] S.T., RAJKOT, RAJKOT",pravin m store dt s t rajkot rajkot,17d4fda2-5f0d-493d-b79a-a70c30eec1d3
"PRAVIN MEDICAL STORE- KENAL ROD, RAJKOT, RAJKOT",pravin medical store kenal rod rajkot rajkot,f10b61ee-2c2e-42bf-95da-3f3d74f5a6a6
"PRAYOSHA MEDICINES [CT] K.R, RAJKOT, RAJKOT",prayosha medicines ct k r rajkot rajkot,fb7011d8-d42a-4f9f-89f0-2aeb7bdac2e2
"PRIME PHARMACY- MAVDI -2, RAJKOT, RAJKOT",prime pharmacy mavdi 2 rajkot rajkot,5ebc1f1c-6620-4596-a941-71f35baee8df
"PRINCE MEDICAL STORE - RAIYA, RAJKOT, RAJKOT",prince medical store raiya rajkot rajkot,30931b54-0bc7-4feb-9eff-4305da3c19da
"PULSE PHARMACY - RAIYA, RAJKOT, RAJKOT",pulse pharmacy raiya rajkot rajkot,fc04f2bc-4dd8-4433-ab6c-d2c3a9722e3a
PURUSHOTTAM MEDICAL & INSTRUMENT,purushottam medical instrument,a6b7f916-7630-46e9-8774-2f5683948f99
"RADHE PHARMACY [CT] MAVDI, RAJKOT, RAJKOT",radhe pharmacy ct mavdi rajkot rajkot,90f5f442-f2d7-4730-9275-cc08e6f0b98f
"RAGHAV MEDI STORE [CT] MO.ROAD, RAJKOT, RAJKOT",raghav medi store ct mo road rajkot rajkot,95049045-ecef-4a0f-b242-dac1969a9770
"RAGHAV MEDI.STORES-MORBIROD, RAJKOT, RAJKOT",raghav medi stores morbirod rajkot rajkot,bb8229bf-e95f-4a88-9052-04ad31ede608
"RAGHAV MEDICINES 7, RAJKOT, RAJKOT",raghav medicines 7 rajkot rajkot,b5b6e66a-03bd-492c-96ff-f2e773fdfee7
"RAGHAV MEDICINES [CT] S.V, RAJKOT, RAJKOT",raghav medicines ct s v rajkot rajkot,d27191ce-8942-4864-b315-a5c8f091a2c4
"RAGHUNATH M STORE [CT] RAIYA, RAJKOT, RAJKOT",raghunath m store ct raiya rajkot rajkot,8b65d2e9-7148-493c-b038-ff6f01d37669
"RAGHUNATH M.STORE raiyaroad, RAJKOT, RAJKOT",raghunath m store raiyaroad rajkot rajkot,d72db89f-6528-4e05-8875-7717480ecefa
"RAGHUNATH MEDICAL STORES 7, RAJKOT, RAJKOT",raghunath medical stores 7 rajkot rajkot,5657f78b-6666-4c23-9c96-298befb02fa9
"RAHAT GENERIC MEDICAL STORE 1, RAJKOT, RAJKOT",rahat generic medical store 1 rajkot rajkot,e5e19462-3de3-49a7-85e0-e0a43d58cc56
"RAHAT MED STORES [CT] MAVDI, RAJKOT, RAJKOT",rahat med stores ct mavdi rajkot rajkot,b841f300-703b-43a5-98be-904a7c537b09
"RAHAT MEDICAL [CT] MAYANI, RAJKOT, RAJKOT",rahat medical ct mayani rajkot rajkot,f398a17d-72f5-4d41-b93f-f02551bdb45f
"RAJ MED STORE [CT] KO.RO, RAJKOT, RAJKOT",raj med store ct ko ro rajkot rajkot,9e5d6e60-4d38-478e-9dd1-19a87b0a6b43
RAJ MEDICAL CENTER BEDI PARA,raj medical center bedi para,e8f7b22b-08c4-4587-955c-834d0ca8009d
RAJ PHARMACY 907,raj pharmacy 907,9300aa76-c8c2-49a6-95a3-ee91087f2a75
"RAJDEEP MED.STO. mavdi rajngr, RAJKOT, RAJKOT",rajdeep med sto mavdi rajngr rajkot rajkot,50dbfe61-2719-42a7-8893-1c8ededffd1f
"RAJESH MED.STORE pedakroad, RAJKOT, RAJKOT",rajesh med store pedakroad rajkot rajkot,102b57ee-6651-4e67-920f-69e3f62c16b0
"RAJKOT PHARMACY [CT] S.K., RAJKOT, RAJKOT",rajkot pharmacy ct s k rajkot rajkot,b116bb1a-09d4-4bca-aad6-b2638a7c51f5
"RAM MEDI. & GEN. STORE-RAIL NAGAR, RAJKOT, RAJKOT",ram medi gen store rail nagar rajkot rajkot,06766e8d-fb4f-4543-bce9-f3128547c99c
RAM MEDICAL & GEN STOR(RAIL NAGAR),ram medical gen stor rail nagar,72ea63fc-4149-4b88-addf-e4e1c2a7941d
"RAM MEDICAL & GENRAL STORE (CT) RAIL, RAJKOT, RAJK",ram medical genral store ct rail rajkot rajk,d1fa0bc2-5f9f-4e77-9fc7-3a828e0f571f
"RAM MEDICINE, SARDHAR, SARDHAR",ram medicine sardhar sardhar,37ca6920-01e4-4ccc-959f-42d690e89b7a
"RAM MEDICINES [CT] RAIL NAGAR, RAJKOT, RAJKOT",ram medicines ct rail nagar rajkot rajkot,3ce9f447-e633-49dc-89fd-9cfd942e70c0
"RAM MEDICINES-RAILNAGAR, RAJKOT, RAJKOT",ram medicines railnagar rajkot rajkot,da2d74cc-8018-405f-bb6d-2966a53037c4
RAMESHWAR DRUG HOUSE,rameshwar drug house,8771434d-7063-4b51-a095-64b6539f45ca
RAMESHWAR MEDICAL CENTRE,rameshwar medical centre,1b64ac14-aaee-435b-a2fa-0a88591f0fa8
RAMKRUPA MEDICINES,ramkrupa medicines,818168dc-236a-4adf-993d-9500e6d15de1
"RAMKRUPA MEDICINES [CT] 150 FEET, RAJKOT, RAJKOT",ramkrupa medicines ct 150 feet rajkot rajkot,8c35f89b-0167-4634-bc4e-bac2a71a2f5b
"RAMNATH M STORE [DT] MAVDI, RAJKOT, RAJKOT",ramnath m store dt mavdi rajkot rajkot,baa045b1-ef59-49db-a73e-be587e476947
"RAMNATH MEDI.STORE MAVDI-2, RAJKOT, RAJKOT",ramnath medi store mavdi 2 rajkot rajkot,ea36d145-1595-4cf4-a1d7-07f2d8b6866f
"RAMNATH MEDICAL STORE 1, RAJKOT, RAJKOT",ramnath medical store 1 rajkot rajkot,a8bea01f-b393-4c9b-84ea-be0d82d04d16
RELIEF MEDICAL STORE(PIPALIYA),relief medical store pipaliya,392d0f77-2c27-42a7-9c0f-24451d597d10
"RIDDHI MEDICALS JYOTINAGAR, RAJKOT, RAJKOT",riddhi medicals jyotinagar rajkot rajkot,c2d7a73e-b371-4cea-889c-eff158c38827
"RIDDHI MEDICALS [CT] IOC, RAJKOT, RAJKOT",riddhi medicals ct ioc rajkot rajkot,8c692000-c291-4304-8585-bc625fed9596
"RIDHI MEDICAL STORE chunaravad, RAJKOT, RAJKOT",ridhi medical store chunaravad rajkot rajkot,efc4336c-b235-4aa7-9dde-4562d7e76bf5
"RONAK CHEMIST kotharia sahkar, RAJKOT, RAJKOT",ronak chemist kotharia sahkar rajkot rajkot,2102be21-b7ca-4910-83e6-43ea5042ba72
"RUDRA MEDICAL - MOVADI 1, RAJKOT, RAJKOT",rudra medical movadi 1 rajkot rajkot,26b1256d-9fe4-49af-b33b-24652f931b94
"RUSHIL MEDICAL [CT] MAVDI, RAJKOT, RAJKOT",rushil medical ct mavdi rajkot rajkot,6cdb0cc3-2119-4afa-9c57-996b05046725
RX A TO Z MEDICO,rx a to z medico,e1e0857c-a196-4f95-a4b4-87c657b7bec5
"RX A TO Z MEDICO- BALAJI HALL, RAJKOT, RAJKOT",rx a to z medico balaji hall rajkot rajkot,5d4c7ebd-7521-4dc7-a467-426e8447923b
"S.S.MEDICINES [CT] KO.RD., RAJKOT, RAJKOT",s s medicines ct ko rd rajkot rajkot,29f03cd4-1394-4cf5-b976-e25c02028a89
"S.V.M.ST. NA. MA., RAJKOT, RAJKOT",s v m st na ma rajkot rajkot,87270c35-0e84-415c-99c1-b203c4ff9003
"S.V.M.ST.RA. RO., RAJKOT, RAJKOT",s v m st ra ro rajkot rajkot,dc97509b-12b2-4ffe-b811-0ef194f91761
"SADBHAVANA VRUDHASHRAM M S [CT]N.M., RAJKOT, RAJKO",sadbhavana vrudhashram m s ct n m rajkot rajko,350d401f-f8f5-4e83-bd65-4556c4358990
"SADBHAVANA VRUDHASHRAM M S [DT]N.M., RAJKOT, RAJKO",sadbhavana vrudhashram m s dt n m rajkot rajko,5d45c7ed-75d1-4d3d-9444-f4029d4e9480
"SADBHAVANA VRUDHASHRAM MEDICAL STORE- RA, RAJKOT, ",sadbhavana vrudhashram medical store ra rajkot,40bd9a28-cac0-45e1-93d9-d92cd5c13437
"SADBHAVNA V.M.ST. NANA MAVA, RAJKOT, RAJKOT",sadbhavna v m st nana mava rajkot rajkot,d94d8753-f305-44d8-ba1a-577176d99015
"SADBHAVNA V.M.ST.RAIYA ROAD, RAJKOT, RAJKOT",sadbhavna v m st raiya road rajkot rajkot,fd32ea4c-184a-4e22-8011-0fbd925b090d
"SADBHAVNA VRUDHA. MED STORE (RAIYA), RAJKOT, RAJKO",sadbhavna vrudha med store raiya rajkot rajko,29a9be53-82ce-4e2f-92c4-6e821d875924
"SADBHAVNA VRUDHASHRAM MED.STORE-MAIN, RAJKOT, RAJ",sadbhavna vrudhashram med store main rajkot raj,55243064-5cf6-4e46-92f4-65e48519fa54
"SADBHAVNA VRUDHASHRAM MEDICAL STORE MAIN, , RAJKOT",sadbhavna vrudhashram medical store main rajkot,85090929-37ed-4a8a-b199-3008b6b8eee3
"SADBHAVNA VRUDHASHRAM MEDICAL STORE RA, RAJKOT, RA",sadbhavna vrudhashram medical store ra rajkot ra,6e1fe607-8ae7-465f-aa92-4fa4883c6c5d
"SADBHAVNA VRUDHASHRAM MEDICAL STORE RAI, , RAJKOT",sadbhavna vrudhashram medical store rai rajkot,59172290-69ef-4a26-b734-7e9a341a8269
"SADBHAVNA VRUDHASHRAM MEDICAL STORE RAIY, , RAJKOT",sadbhavna vrudhashram medical store raiy rajkot,d6ef81ab-494a-4a87-99f3-06386f4c7da8
"SADBHAVNA VRUDHASHRAM MEDICAL STORE(MAI, RAJKOT, R",sadbhavna vrudhashram medical store mai rajkot r,32ea4d3d-15c3-4316-b4aa-67e8f7b9cde3
"SADGURU M. STORE chunrvd, RAJKOT, RAJKOT",sadguru m store chunrvd rajkot rajkot,eb260276-634e-4fd9-946c-677a677a9063
"SADGURU MEDICINES, SHAPAR VERAVAL, SHAPAR VERAVAL",sadguru medicines shapar veraval shapar veraval,79e9e624-827d-45e9-97db-e18a472f0d54
"SADGURU MEDICINSE UNIVERCITY, RAJKOT, RAJKOT",sadguru medicinse univercity rajkot rajkot,05f912ce-7ccf-4c4d-b970-a9c8f03ca612
"SAGAR MEDICALS - MANGLA ROD, RAJKOT, RAJKOT",sagar medicals mangla rod rajkot rajkot,d54e8b26-ff09-42c2-9771-ff96d3df17ab
"SAGAR MEDICALS [CT] V.N., RAJKOT, RAJKOT",sagar medicals ct v n rajkot rajkot,af0f7285-5db3-4003-a173-13324200eb1e
"SAHKAR MED STORE, WANKANER, WANKANER",sahkar med store wankaner wankaner,95812126-eb32-4c88-81cd-c111127235ce
"SAI MEDICAL - KOTHARIYA, RAJKOT, RAJKOT",sai medical kothariya rajkot rajkot,25dfc038-11f5-4a8a-a379-f50841f3e209
"SAI MEDICAL [CT] KO.ROAD, RAJKOT, RAJKOT",sai medical ct ko road rajkot rajkot,c992fd67-fe5e-45b6-a395-9ec377ef10cd
"SAMARPAN MEDI.STORE -JUNCTION, RAJKOT, RAJKOT",samarpan medi store junction rajkot rajkot,eaf39b5e-b195-4b3e-b061-2f3350086d56
SAMARPAN MEDICAL STORE (GT ORTHO),samarpan medical store gt ortho,c9d50a82-e1d1-4044-be1a-d52f2a13b060
"SAMAY MEDICINES univ.kalavdrod, RAJKOT, RAJKOT",samay medicines univ kalavdrod rajkot rajkot,6a5531dd-adb4-4f82-9617-441a33ceb344
"SANATAN M STORE [CT]S.T., RAJKOT, RAJKOT",sanatan m store ct s t rajkot rajkot,7673a761-d06a-42ba-a1a5-223008fa161c
"SANDEEP MED STORE [CT] RAIYA, RAJKOT, RAJKOT",sandeep med store ct raiya rajkot rajkot,f3e43ef9-4129-4b01-843e-7429cec75bd0
"SANDEEP MEDI.STORE-RAIYA, RAJKOT, RAJKOT",sandeep medi store raiya rajkot rajkot,83581e2d-ffc0-40af-8bcb-ef18db8c0dc5
"SANDEEP MEDICAL STORE ( RAIYA ), RAJKOT, RAJKOT",sandeep medical store raiya rajkot rajkot,b6693616-2286-4edb-b443-e837790012ca
"SANGANI MEDICINES [CT] RAIYA ROAD, RAJKOT, RAJKOT",sangani medicines ct raiya road rajkot rajkot,528ecce8-16b4-4230-a268-c811f2893275
"SANJIVANI MEDICAL ( MAVDI ) 1, RAJKOT, RAJKOT",sanjivani medical mavdi 1 rajkot rajkot,c78880e8-c8e9-4a99-8d37-54382127f542
"SANJIVANI MEDICAL MAVDI, RAJKOT, RAJKOT",sanjivani medical mavdi rajkot rajkot,0a7eb504-dbfd-452c-8172-2d3e999d5199
"SANJIVANI MEDICINES ( KOTHARIYA GAM ), RAJKOT, RAJ",sanjivani medicines kothariya gam rajkot raj,a58d9465-011a-4fd7-bfd8-290ac6c97c31
"SANJIVANI MEDICINES [CT] KO.RD, RAJKOT, RAJKOT",sanjivani medicines ct ko rd rajkot rajkot,63331073-23ad-40b1-90b0-42a8e533ac22
"SANJIVANI MEDICINSE kothriagam, RAJKOT, RAJKOT",sanjivani medicinse kothriagam rajkot rajkot,5d1463b9-9267-4488-9f21-ef17d5dab4ba
SANKALP MEDICINES SAHAKAR(497),sankalp medicines sahakar 497,fe5ddaf5-3cca-4262-a6e4-73773ce858b0
"SANKALP MEDICINES [CT] SAHKAR, RAJKOT, RAJKOT",sankalp medicines ct sahkar rajkot rajkot,8f76ebb6-7d4c-45ce-b4d3-b752aa710613
"SANMAN MEDICINES - MAVDI, RAJKOT, RAJKOT",sanman medicines mavdi rajkot rajkot,3ba31b13-3856-4bbd-aeee-9592e01c29c7
"SANMAN MEDICINES 1, RAJKOT, RAJKOT",sanman medicines 1 rajkot rajkot,1ae9e643-ece8-4127-bd5c-8cdb56b47269
"SARDAR MEDI.STORE- ROLEX ROD, RAJKOT, RAJKOT",sardar medi store rolex rod rajkot rajkot,d04cf44b-ff3f-4081-87c3-cfb42dc819e1
SARDAR MEDICAL STORE ROLAX ROAD,sardar medical store rolax road,57f2d8e5-414f-4ba9-82a8-582b18fdc0af
"SARDAR MEDICAL STORE, RAJKOT, RAJKOT",sardar medical store rajkot rajkot,4df2d128-b839-4910-ad34-c6014dcaf6b5
"SATCIAN HEALTHCARE, RAJKOT, RAJKOT",satcian healthcare rajkot rajkot,17c94338-0750-4911-9821-168727971ff1
"SATGURU MEDIZONE [CT] S.K., RAJKOT, RAJKOT",satguru medizone ct s k rajkot rajkot,5a3bb85e-1df6-4a68-b326-807cb7468fe4
"SATNAM MEDICAL [CT] KO.RO, RAJKOT, RAJKOT",satnam medical ct ko ro rajkot rajkot,a335c1e0-8d4f-48cf-97cc-ed1a26e0da54
"SATNAM MEDICAL- KOTHARIYA, RAJKOT, RAJKOT",satnam medical kothariya rajkot rajkot,a6e7c149-8ce1-4b0e-94e4-19aff5d0eed8
SATTVA MEDICAL STORE,sattva medical store,78c6398c-25bc-41fb-8540-69fa60031abf
"SATTVA MEDICAL STORE, RAJKOT, RAJKOT",sattva medical store rajkot rajkot,d99b50b1-6c96-4166-93ea-6d15dd92a42c
"SATTVA MEDICAL STORE-MAVDI, RAJKOT, RAJKOT",sattva medical store mavdi rajkot rajkot,4ed55355-5f3a-4a1c-a142-aea122467953
"SATYAM PHARMACY - RAIYA, RAJKOT, RAJKOT",satyam pharmacy raiya rajkot rajkot,1506a5e1-249b-473a-95e9-647870b11368
"SATYAM PHARMACY [DT] RAIYA, RAJKOT, RAJKOT",satyam pharmacy dt raiya rajkot rajkot,d95a9474-dd58-48d3-bfde-f035d029a78f
"SAVAN MED STORE [CT] U.R., RAJKOT, RAJKOT",savan med store ct u r rajkot rajkot,4ebc2aa4-7ddc-4e71-bfbe-4436f62a0808
"SHAH H P THANGADH, THANGADH, THANGADH",shah h p thangadh thangadh thangadh,58ce0173-769c-4790-a99d-1fd890ae8fbb
"SHAILESH M STORE [CT] AST, RAJKOT, RAJKOT",shailesh m store ct ast rajkot rajkot,4513798d-2d71-4e96-85f4-87ce5b7c2b9e
"SHAYONA PHARMA & DISTRIBUTORS, RAJKOT, RAJKOT",shayona pharma distributors rajkot rajkot,c01fb034-a8d7-4162-a8a1-2e4de92dbd26
"SHIDHIVINAYAK PHARMACY (CT) VIRVA, RAJKOT, RAJKOT",shidhivinayak pharmacy ct virva rajkot rajkot,76b0ab94-c6b1-4769-a268-2437b2b51a11
"SHIFA MEDICAL & GENERAL STORE, RAJKOT, RAJKOT",shifa medical general store rajkot rajkot,e159c897-3016-4c27-a208-54693ab2445b
"SHIFA MEDICAL STO & GEN [CT], RAJKOT, RAJKOT",shifa medical sto gen ct rajkot rajkot,1f8d688a-9d77-400b-b90f-fb8658f46070
"SHIFA MEDICAL STORE & GENRAL, RAJKOT, RAJKOT",shifa medical store genral rajkot rajkot,6fe997d1-fc07-413b-bcb7-c3634d449222
SHIV MED & GEN STORE (KOTHARIYA),shiv med gen store kothariya,93fbe649-772f-45b7-945c-3aaad94ffef3
"SHIV MED & GEN STORE [CT] KO.RO, RAJKOT, RAJKOT",shiv med gen store ct ko ro rajkot rajkot,cfc2c9cf-c64a-42fe-80ce-d4a8debf741e
"SHIV MED STORE [DT] MAVDI, RAJKOT, RAJKOT",shiv med store dt mavdi rajkot rajkot,dba21f53-82eb-4f6c-ba5e-ea670df0fb86
"SHIV MED.STORE NANDNVAN MAVDI-2, RAJKOT, RAJKOT",shiv med store nandnvan mavdi 2 rajkot rajkot,1993f2e2-585d-420f-a35f-3be13c23b278
"SHIV MEDIC.& GEN.STORE- KOTHARIYA, RAJKOT, RAJKOT",shiv medic gen store kothariya rajkot rajkot,045de880-21d2-4e18-a948-56afe75753c7
"SHIV MEDICAL (CT), SANROSRA, SANOSARA",shiv medical ct sanrosra sanosara,7b3bb815-815d-4f6c-b14d-e22e4a2c79b5
"SHIV MEDICAL STORE-GANDHIGRAM, RAJKOT, RAJKOT",shiv medical store gandhigram rajkot rajkot,a1f550db-092f-48b4-b9ed-01bff6b16bfc
"SHIV MEDICAL [CT] S.K., RAJKOT, RAJKOT",shiv medical ct s k rajkot rajkot,9ac21741-5bc9-4067-ba51-49542edb1045
"SHIV MEDICARE 1, RAJKOT, RAJKOT",shiv medicare 1 rajkot rajkot,a4ed26b0-e9e6-44a0-af2f-7386845176e3
"SHIV MEDICARE [CT] MAVDI, RAJKOT, RAJKOT",shiv medicare ct mavdi rajkot rajkot,f995e429-094f-46b2-8335-6ee444ea988b
"SHIV MEDICARE(MAVADI), RAJKOT, RAJKOT",shiv medicare mavadi rajkot rajkot,d6104949-ccf8-43e0-97d4-6db32c119820
"SHIV MEDICINES (UNIVERSITY ROAD) 6, RAJKOT, RAJKOT",shiv medicines university road 6 rajkot rajkot,253a49c7-f0c8-4d47-82ae-517591403559
SHIV MEDICINES UNI.RD.,shiv medicines uni rd,497788dc-e576-4f78-8ce4-af3abc3d0931
SHIV PHARMACY (NEW ROOP COMPLE,shiv pharmacy new roop comple,bbe2f925-6a19-4f33-af43-871f870b5fbe
"SHIV PHARMACY (NEW ROOP COMPLEX) 1, RAJKOT, RAJKOT",shiv pharmacy new roop complex 1 rajkot rajkot,f192879c-bc1b-4472-baf5-ef8241a8fe01
SHIV PHARMACY (VAVDI),shiv pharmacy vavdi,beac3a5b-5653-460e-a456-54806f08089c
SHIV PHARMACY (VAVDI)1264,shiv pharmacy vavdi 1264,beac3a5b-5653-460e-a456-54806f08089c
"SHIV PHARMACY [CT] VAVDI, RAJKOT, RAJKOT",shiv pharmacy ct vavdi rajkot rajkot,7d879f12-ae44-4bce-b790-e3f42aed2937
SHIV SHAKTI M ST. KEVDAWADI,shiv shakti m st kevdawadi,e62e1d57-9522-4504-b434-3852a28f44ea
"SHIV SHAKTI ME.ST. KEVDAWADI, RAJKOT, RAJKOT",shiv shakti me st kevdawadi rajkot rajkot,484f7c28-387a-4d02-93c1-ff00b40c042b
"SHIV SHAKTI MEDICAL STORE JAMKANDORNA, JAMKANDORNA",shiv shakti medical store jamkandorna jamkandorna,89fc0537-511e-4ef9-9eab-de808b69c709
"SHIV UMANG MEDICAL, RAJKOT, RAJKOT",shiv umang medical rajkot rajkot,1c7e2a0a-d5db-49bb-a185-7418c2b50998
"SHIVA PHARMACY (CT) INFINITY, RAJKOT, RAJKOT",shiva pharmacy ct infinity rajkot rajkot,4b9d5edf-55d2-4cb8-b912-e33711346709
"SHIVA PHARMACY, RAJKOT, RAJKOT",shiva pharmacy rajkot rajkot,7a015246-992f-489f-889b-c3ec84e4309e
"SHIVA PHARMACY- PURSHKARDHAM, RAJKOT, RAJKOT",shiva pharmacy purshkardham rajkot rajkot,ed06b366-bd8a-4b61-b292-b884c5fda50c
"SHIVALAY M.& G.S.pedakrod, RAJKOT, RAJKOT",shivalay m g s pedakrod rajkot rajkot,e62a1a25-71d2-4fe5-8382-c8d8beebd4ac
"SHIVALAY PHARMACY [CT] KO.ROAD, RAJKOT, RAJKOT",shivalay pharmacy ct ko road rajkot rajkot,69685338-36a8-49de-8836-e25744ce246c
"SHIVALAYA M & G STORE [CT] S.K., RAJKOT, RAJKOT",shivalaya m g store ct s k rajkot rajkot,4e40ef46-c6cd-4a91-a79d-9b6a99aa9bb6
"SHIVALIK MED STORE [DT] RAIYA, RAJKOT, RAJKOT",shivalik med store dt raiya rajkot rajkot,34f77b1a-4a50-42e3-98b4-f0799228954e
"SHIVAM CHEMIST, SHAPAR VERAVAL, SHAPAR VERAVAL",shivam chemist shapar veraval shapar veraval,7b2af1b6-a58b-4d55-87b5-5c09e9287f33
"SHIVAM CHEMIST, SHAPAR, SHAPAR",shivam chemist shapar shapar,6f5aafc5-e844-4810-819c-e21318f65295
"SHIVAM M CENTER [DT] INDIRA, RAJKOT, RAJKOT",shivam m center dt indira rajkot rajkot,31210b0f-a646-489d-a795-e12ea6898cc8
"SHIVAM M STORE [DT] SPEEDWELL, RAJKOT, RAJKOT",shivam m store dt speedwell rajkot rajkot,adf838d0-2e17-4d3c-9e54-12ff3bec904b
"SHIVAM MED.CENTER indir kalavd, RAJKOT, RAJKOT",shivam med center indir kalavd rajkot rajkot,ae45af1d-c54f-4145-819f-8cbd202bb374
SHIVAM MED.CENTRE IC,shivam med centre ic,635f6aa2-c62d-42d2-9428-1913bd062393
SHIVAM MED.CENTRE IC 395,shivam med centre ic 395,635f6aa2-c62d-42d2-9428-1913bd062393
"SHIVAM MEDI.CEN &GEN STORE, RAJKOT,",shivam medi cen gen store rajkot,9e2f9d22-ce38-4c2e-a713-e6282a699f1a
"SHIVAM MEDI.CENTER &GEN.S, RAJKOT, RAJKOT",shivam medi center gen s rajkot rajkot,b8b73323-e4df-4e85-85be-c8bb205479ff
"SHIVAM MEDICAL ( MANGALA ROAD ), RAJKOT, RAJKOT",shivam medical mangala road rajkot rajkot,0aa68a16-bf85-40d9-8492-ead2d307eff4
"SHIVAM MEDICAL (CT) SAHAKAR, RAJKOT, RAJKOT",shivam medical ct sahakar rajkot rajkot,315346dd-7e73-4317-97d3-0a25a0b23f03
"SHIVAM MEDICAL (DT) SAHAKAR, RAJKOT, RAJKOT",shivam medical dt sahakar rajkot rajkot,4800b82b-b1f2-4b1a-8ae6-e9ea75cb9998
"SHIVAM MEDICAL (DT) SAHAKR, RAJKOT, RAJKOT",shivam medical dt sahakr rajkot rajkot,90976fa5-9a4f-419d-9ca6-7f0ceab75a0b
"SHIVAM MEDICAL CENTER 6, RAJKOT, RAJKOT",shivam medical center 6 rajkot rajkot,e118836b-8320-4dd9-ba56-db4b5fd49c8a
"SHIVAM MEDICAL CENTER&GENERAL STORE(GHA), RAJKOT, ",shivam medical center general store gha rajkot,d1649d34-e84f-41c1-a281-ae5b937c1c66
SHIVAM MEDICAL MANGLA RD,shivam medical mangla rd,595cd773-dba1-496b-9237-2d01717affe1
SHIVAM MEDICAL MANGLA RD 0662,shivam medical mangla rd 0662,595cd773-dba1-496b-9237-2d01717affe1
"SHIVAM MEDICAL SAHKAR ROAD, RAJKOT, RAJKOT",shivam medical sahkar road rajkot rajkot,6c80cc40-59af-41ac-b887-0ebeea245412
"SHIVAM MEDICAL STORE ( KOTHARIYA ) 2, RAJKOT, RAJK",shivam medical store kothariya 2 rajkot rajk,ea7cf668-db8e-4c4f-9d81-32763182556d
SHIVAM MEDICAL STORE (NO PRIN,shivam medical store no prin,a4ff48d6-9fd1-4812-8af6-b36e04b05932
SHIVAM MEDICAL STORE (SPEEDWELL),shivam medical store speedwell,8aa5b3e4-ca71-4598-b5a4-ba6b02e4805b
"SHIVAM MEDICAL STORE BABRA, BABRA, BABRA",shivam medical store babra babra babra,5e7e6455-8a52-42a0-b46a-3b7a9c9c76f2
"SHIVAM MEDICAL STORE- SPEEDWELL, RAJKOT, RAJKOT",shivam medical store speedwell rajkot rajkot,0f53a2d9-c98c-435e-aa84-d027cbc58866
"SHIVAM MEDICAL [CT] M.R., RAJKOT, RAJKOT",shivam medical ct m r rajkot rajkot,55538225-03e6-4307-8faa-d2429aa1bcbe
"SHIVAM MEDICAL mangla V.N., RAJKOT, RAJKOT",shivam medical mangla v n rajkot rajkot,1afd9d25-f6e5-4d77-9720-3cc51fa5b196
"SHIVAM MEDICAL- SAHKAR ROD, RAJKOT, RAJKOT",shivam medical sahkar rod rajkot rajkot,75c28e6b-0ee9-4372-bbfe-138be38e69f3
SHIVAM PHARMACY IC,shivam pharmacy ic,d019b622-b1a8-4c58-ab16-996cad01c164
SHIVAM PHARMACY IC 672,shivam pharmacy ic 672,d019b622-b1a8-4c58-ab16-996cad01c164
"SHIVAM PHARMACY INDIRA CIRCLE, RAJKOT, RAJKOT",shivam pharmacy indira circle rajkot rajkot,d8f990a4-b821-4e62-9f5d-e0de821dd402
"SHIVAM PHARMACY MAVDI BAYPASS, RAJKOT, RAJKOT",shivam pharmacy mavdi baypass rajkot rajkot,e4c81daf-1e8f-45de-a4a5-2de0fe3a896c
"SHIVAM PHARMACY STORE 1, RAJKOT, RAJKOT",shivam pharmacy store 1 rajkot rajkot,f1f06fec-de4b-443d-abc2-dc1ff14fd0b4
"SHIVAM PHARMACY [CT] MAVDI, RAJKOT, RAJKOT",shivam pharmacy ct mavdi rajkot rajkot,b42f1b44-9dd4-438d-9e7c-21b9932615a1
"SHIVAM PHARMACY [DT] K.R, RAJKOT, RAJKOT",shivam pharmacy dt k r rajkot rajkot,e14f1003-aff9-45e6-83c8-c9263c1fd7ad
"SHIVAM PHARMACY-1 MAVDI, RAJKOT, RAJKOT",shivam pharmacy 1 mavdi rajkot rajkot,c7891311-6df1-498c-87ba-efe76f87ffa9
"SHIVAY MEDICAL -VAVDI, RAJKOT, RAJKOT",shivay medical vavdi rajkot rajkot,398bb188-0b62-440b-9ded-f8711b592e40
"SHIVAY PHARMACY-KUVADVA ROAD, RAJKOT, RAJKOT",shivay pharmacy kuvadva road rajkot rajkot,217eb227-928e-48d3-a8d9-9a063d7fab9f
"SHIVDHARA MEDI.STORE-SATYA SAI, RAJKOT, RAJKOT",shivdhara medi store satya sai rajkot rajkot,1bd85227-a244-4cf0-96bf-4b51e410cbe4
"SHIVDHARA MEDICAL STORE [CT] K.R., RAJKOT, RAJKOT",shivdhara medical store ct k r rajkot rajkot,01b43cb0-e264-490e-9e2c-14894f6190d1
"SHIVUMANG M STORE [CT]S.K., RAJKOT, RAJKOT",shivumang m store ct s k rajkot rajkot,d910e5b1-0172-43a2-873d-aad417f1306d
"SHRADDHA M STORE [CT]MAVDI, RAJKOT, RAJKOT",shraddha m store ct mavdi rajkot rajkot,64ca3fdc-de3c-4028-89e9-06dc61371a92
"SHRADDHA MED.& COSMETIC-AHIR CHOK, RAJKOT, RAJKOT",shraddha med cosmetic ahir chok rajkot rajkot,e119defc-338d-4e24-9f3f-540cd7298887
"SHRADDHA MEDI. & COS. (DMART) 2, RAJKOT, RAJKOT",shraddha medi cos dmart 2 rajkot rajkot,f8238997-60be-467b-8231-0288bbfe8169
"SHRADDHA MEDI. & GEN.STORE( OM NAGAR ) 1, RAJKOT, ",shraddha medi gen store om nagar 1 rajkot,4cddee44-75d7-4985-aaa4-bbcaf479e65f
"SHREE AMBICA M.STORE [CT] MAVDI, RAJKOT, RAJKOT",shree ambica m store ct mavdi rajkot rajkot,dc1b77f9-45b4-4655-9a27-e8f9ceac6977
"SHREE AMBICA MEDICAL STORES 1, RAJKOT, RAJKOT",shree ambica medical stores 1 rajkot rajkot,78ef9bfd-57cc-459a-a8f7-aeb81b03d738
"SHREE BADE BALAJI.M.S.[DT] S.K, RAJKOT, RAJKOT",shree bade balaji m s dt s k rajkot rajkot,36ea4c94-09ec-4a77-b2ea-c5d5a8da110b
"SHREE DAT KRUPA MEDICAL & GENERAL STORE, RAJKOT, R",shree dat krupa medical general store rajkot r,d422073f-4258-458b-ad3f-2ae8c007a977
"SHREE DATT KRUPA N GEN.STORE, RAJKOT, RAJKOT",shree datt krupa n gen store rajkot rajkot,1be77060-a3b5-4352-beb9-cf99755a8e09
"SHREE GANESH M.STORE [CT] ST, RAJKOT, RAJKOT",shree ganesh m store ct st rajkot rajkot,0e63b772-8a17-4539-ae46-b38615000d85
"SHREE GANESH MEDICAL kenal road s.t., RAJKOT, RAJK",shree ganesh medical kenal road s t rajkot rajk,57df5881-93a5-4e5d-81e1-20b93144efa0
"SHREE GIRIRAJ LIFECARE PVT LTD 6, KUVADVA, KUVADVA",shree giriraj lifecare pvt ltd 6 kuvadva kuvadva,460984ed-f90c-43d9-88aa-c4defe255904
"SHREE HARI MEDICAL ( HARIGHAVA ROAD ) 2, RAJKOT, R",shree hari medical harighava road 2 rajkot r,8be18456-45e6-4e33-b412-ac9df3b35344
"SHREE HARI MEDICAL [PEDAK ROAD, RAJKOT, RAJKOT",shree hari medical pedak road rajkot rajkot,7d29a9f5-0258-4980-a8c3-6620b7faa2a3
"SHREE HARI MEDICAL- HARI GHAVA, RAJKOT, RAJKOT",shree hari medical hari ghava rajkot rajkot,34cadef7-a29e-4b84-9ead-5e68974ac018
"SHREE KRISHNA MEDICAL (CT) G.R., RAJKOT, RAJKOT",shree krishna medical ct g r rajkot rajkot,9164e183-a44d-4145-8695-8069472ffb2b
"SHREE MAHAVIR M STORE [DT] G.N., RAJKOT, RAJKOT",shree mahavir m store dt g n rajkot rajkot,fefcdae9-f817-488d-8569-6fc7795bf3f6
"SHREE MAHAVIR M.S. kothria gay, RAJKOT, RAJKOT",shree mahavir m s kothria gay rajkot rajkot,ffeaa762-e5ad-4c27-9176-141977c53c92
SHREE MAHAVIR MEDICAL STORES,shree mahavir medical stores,68a022e5-cce4-461e-bde1-8e9ba0dd6c1b
"SHREE MEDI SYNERGY PRIVATE LTD,-PEDAK, RAJKOT, RAJ",shree medi synergy private ltd pedak rajkot raj,6adee364-4213-4a2b-80b1-e2e09c0181c4
"SHREE MEDICAL & GENRAL STORE 2, RAJKOT, RAJKOT",shree medical genral store 2 rajkot rajkot,38f5e32d-100e-4076-bed3-8eff00345b7c
"SHREE MEDICINES [CT] VIMALNAG, RAJKOT, RAJKOT",shree medicines ct vimalnag rajkot rajkot,f31ed860-4cd3-419d-bbfc-eda1c3e904dd
"SHREE MEDICINSE KALAVADROD, RAJKOT, RAJKOT",shree medicinse kalavadrod rajkot rajkot,f24df3ce-e234-4b13-8328-7db02129458e
"SHREE NETRA MEDICAL STORE, TANKARA, TANKARA",shree netra medical store tankara tankara,ec4636e6-61b7-4f0a-92ac-587b03085de0
"SHREE OM PHARMACY ( OM NAGAR ) 1, RAJKOT, RAJKOT",shree om pharmacy om nagar 1 rajkot rajkot,7adde952-e272-44c7-9a31-c6afcbbea37d
"SHREE PATEL MED.STOREkrusngr, RAJKOT, RAJKOT",shree patel med storekrusngr rajkot rajkot,fd17ea6a-e77d-4bdf-8d35-c2f05ed528b5
"SHREE PHARMACY 50FT ROAD 1, RAJKOT, RAJKOT",shree pharmacy 50ft road 1 rajkot rajkot,a51d5e18-6805-4afd-9eb3-ce7e129af0b2
SHREE PHARMACY JIVRAJ PARK,shree pharmacy jivraj park,a0bc2db6-31ad-4028-b40d-bc51f0fc0a78
"SHREE PHARMACY JIVRAJ PARK 1, RAJKOT, RAJKOT",shree pharmacy jivraj park 1 rajkot rajkot,37345680-9340-43e9-9492-e6b87ed1e950
"SHREE PHARMACY- MATUKI, RAJKOT, RAJKOT",shree pharmacy matuki rajkot rajkot,2f4cc26d-ed7d-4185-a961-69c79502dca0
"SHREE RAJJI M STORE [CT]S.K, RAJKOT, RAJKOT",shree rajji m store ct s k rajkot rajkot,2a262abc-1126-421b-983b-693f6c153f88
"SHREE RAM M.HOUSE kotharia, RAJKOT, RAJKOT",shree ram m house kotharia rajkot rajkot,7f74e06e-6571-41c4-abf0-ed7469912b23
"SHREE RAM ME.HOUSE [CT] KO.RD., RAJKOT, RAJKOT",shree ram me house ct ko rd rajkot rajkot,7b3bb313-5181-44f3-a269-9811f337f4bc
"SHREE RAM MED STORE (CT) MATUKI, RAJKOT, RAJKOT",shree ram med store ct matuki rajkot rajkot,77d66a1e-5357-416b-89bb-68ada6acba5b
"SHREE RAM MEDI. STORE- MATUKI, RAJKOT, RAJKOT",shree ram medi store matuki rajkot rajkot,f296ed23-ec8b-44cc-940d-8a47e18b1d15
"SHREE RAM PHARMA WORLD-MANGLA ROAD, RAJKOT, RAJKO",shree ram pharma world mangla road rajkot rajko,e056dc61-bf4b-42b2-ac45-a8454d16bf0c
"SHREE RAM PHARMACY, RAJKOT, RAJKOT",shree ram pharmacy rajkot rajkot,a1abb8ae-3d16-4c1b-814d-0b0f325151fa
"SHREE RAMNIVAS MEDI.STOR. SETELITE CHOK, RAJKOT, R",shree ramnivas medi stor setelite chok rajkot r,85d806ba-6d9e-4960-846e-4e0c6025a6bb
"SHREE SADGURU M STORE [CT] C.V, RAJKOT, RAJKOT",shree sadguru m store ct c v rajkot rajkot,be62d3ac-978f-4158-944c-228e5996f033
"SHREE SHIV ME & CO STORE [CT]H.J., RAJKOT, RAJKOT",shree shiv me co store ct h j rajkot rajkot,33ffb151-04fa-4cc2-a037-2110f8a7c906
"SHREE SHIV MED & COS.STOE- RAMNAGAR, RAJKOT, RAJKO",shree shiv med cos stoe ramnagar rajkot rajko,401e5986-a2e7-4c50-841f-5585bb3427f1
"SHREE SHIV MEDICINES & COSMETIC, RAJKOT, RAJKOT",shree shiv medicines cosmetic rajkot rajkot,93138a1a-1d65-4b65-8bc6-25d4d7dfd09f
"SHREE SHYAM ME.STORE [CT] KHODIYAR PARA, RAJKOT, R",shree shyam me store ct khodiyar para rajkot r,dace1319-cb92-44e7-a37d-0a5961442cd6
"SHREE TULSI MEDICAL & COSMETIC, RAIYA ROAD, RAJKOT",shree tulsi medical cosmetic raiya road rajkot,c105b88b-d2a2-4e66-a91e-1ca791d8414a
"SHREE TULSI MEDICAL&COSMETIC [DT] RAIYA, RAJKOT, R",shree tulsi medical cosmetic dt raiya rajkot r,11c2f3ff-5e12-4652-b1c5-59d03afc1c6c
"SHREE UNITED AGENCIES [DT] CHK, RAJKOT, RAJKOT",shree united agencies dt chk rajkot rajkot,7fc93882-a420-4ea6-989f-2f1f6ebc6992
"SHREE YOGIJI M STORE [CT] KO ROAD, RAJKOT, RAJKOT",shree yogiji m store ct ko road rajkot rajkot,4898ff8f-dd8d-4ef2-8f0a-86596d40aa8d
"SHREEJI MED STORE [CT], SARDHAR, SARDHAR",shreeji med store ct sardhar sardhar,49a06233-4bd6-45ed-a9ed-c0c884b46c6a
"SHREEJI MED.STORE, SHAPAR VERAVAL, SHAPAR VERAVAL",shreeji med store shapar veraval shapar veraval,caf12397-96a3-48fc-a10d-54577e49a1d3
"SHREEJI MEDI STORE [CT] KO.RO, RAJKOT, RAJKOT",shreeji medi store ct ko ro rajkot rajkot,d2be4bd4-1b15-4c6a-927e-8cc80ad3a8f1
"SHREEJI MEDICAL ( ATITHI CHOWK), RAJKOT, RAJKOT",shreeji medical atithi chowk rajkot rajkot,841db5a0-8832-4df6-900e-1467aa26cf2f
"SHREEJI MEDICAL ( GAYATRI NAGAR ) 2, RAJKOT, RAJKO",shreeji medical gayatri nagar 2 rajkot rajko,3da7d0c5-864e-41d6-8857-0666a96f7496
"SHREEJI MEDICAL - JALJIT HALL, RAJKOT, RAJKOT",shreeji medical jaljit hall rajkot rajkot,ec0e19e0-44dc-4997-ab41-d7397022e96b
"SHREEJI MEDICAL CHRIST HOSPITAL, RAJKOT, RAJKOT",shreeji medical christ hospital rajkot rajkot,86d5db9c-431f-42ff-aab2-0bb8f57fc19e
"SHREEJI MEDICAL STORE SHOP NO 4, RAJKOT, RAJKOT",shreeji medical store shop no 4 rajkot rajkot,700bf861-e060-4eb0-a5b0-abc7e316254b
"SHREEJI MEDICAL [CT] JAGNNATH CHOWK, RAJKOT, RAJKO",shreeji medical ct jagnnath chowk rajkot rajko,dbed097b-5538-49df-88a4-832a9c2d8ac5
"SHREEJI MEDICAL [CT] K.GATE, METODA, METODA",shreeji medical ct k gate metoda metoda,f026e2b6-1e8f-4099-a148-b8f358cb56ee
"SHREEJI MEDICAL [CT] MADHAPAR, RAJKOT, RAJKOT",shreeji medical ct madhapar rajkot rajkot,3797a375-068a-430d-a4b3-414d601b39b5
"SHREEJI MEDICINE ASTRON CHOWK 5, RAJKOT, RAJKOT",shreeji medicine astron chowk 5 rajkot rajkot,49f1029d-9ad4-4026-aca6-82f16136a0b5
"SHREEJI MEDICINE SADHUVASAVANI 6, RAJKOT, RAJKOT",shreeji medicine sadhuvasavani 6 rajkot rajkot,c2fb56f4-1e85-40ed-9898-ab2d1cd20d1d
"SHREEJI MEDICINE(SADHUVASVANI), RAJKOT, RAJKOT",shreeji medicine sadhuvasvani rajkot rajkot,f5726b67-4f5f-4a6c-a83b-3565cb99c1c3
"SHREEJI MEDICINES [CT] ISKON, RAJKOT, RAJKOT",shreeji medicines ct iskon rajkot rajkot,cec20eb6-721d-44ff-83df-84cd511c2dc8
"SHREEJI MEDICINES [CT]RANI T., RAJKOT, RAJKOT",shreeji medicines ct rani t rajkot rajkot,30f3b92a-4c87-423c-b827-5fdcc74f5c57
"SHREEJI MEDICINES ranitow 1., RAJKOT, RAJKOT",shreeji medicines ranitow 1 rajkot rajkot,33996b62-6928-4974-8b0f-97d494615e4a
"SHREEJI MEDICINSE [PAGO] KLVD, RAJKOT, RAJKOT",shreeji medicinse pago klvd rajkot rajkot,101adab1-180f-4082-918e-cf9d6ecae2c8
"SHREEJI MEICAL STORE SH.2 R, RAJKOT, RAJKOT",shreeji meical store sh 2 r rajkot rajkot,e33cf1f1-5aa2-4f5e-8641-85f25a6b9f2e
"SHREEMAD PHARMACY [CT] MAVDI, RAJKOT, RAJKOT",shreemad pharmacy ct mavdi rajkot rajkot,31e121e4-bc19-46be-9248-4469d3a1ab93
"SHREEMAD PHARMACY(MAVADI-2), RAJKOT, RAJKOT",shreemad pharmacy mavadi 2 rajkot rajkot,b048e10d-7dfb-44e9-a0f3-bc4a8f42d6ca
"SHREEMEDI SYNERGY PRIVATE LIMITED 4, RAJKOT, RAJKO",shreemedi synergy private limited 4 rajkot rajko,195a51fa-e4f7-4ae7-823a-257e6f0bc39c
"SHREEMEDI SYNERGY PVT LTD [CT] S.K., RAJKOT, RAJKO",shreemedi synergy pvt ltd ct s k rajkot rajko,09e9b8f4-3686-488e-a4d8-6d8fe154d398
"SHREENATH MEDICINES (MAVADI-2), RAJKOT, RAJKOT",shreenath medicines mavadi 2 rajkot rajkot,780d0c92-8d30-4ca2-a3f1-7bb5b09a8911
"SHREENATH MEDICINES SATYA SAI ROAD 1, RAJKOT, RAJK",shreenath medicines satya sai road 1 rajkot rajk,c37baed9-5abb-4056-b52b-b2b15ea04fa1
"SHREENATH MEDICINES [CT] NANA MOVA, RAJKOT, RAJKOT",shreenath medicines ct nana mova rajkot rajkot,bfdbe6db-078c-4454-8320-c56aa437fbac
"SHREENATHAJI MEDICAL STORE & AGENCY 3, RAJKOT, RAJ",shreenathaji medical store agency 3 rajkot raj,5335d1c2-33e3-45a5-9968-7ac96d2da54a
SHREENATHJI CHEMIST,shreenathji chemist,1803638b-8845-4ecd-a3b1-c24aae7cf4e2
"SHREENATHJI M & G [DT] MAVDI, RAJKOT, RAJKOT",shreenathji m g dt mavdi rajkot rajkot,7775517a-1629-4f9d-b8f3-37abf69fa43e
"SHREERAJJI MED.STORE pedakroad, RAJKOT, RAJKOT",shreerajji med store pedakroad rajkot rajkot,63ec820b-dbb5-4c80-b99d-649bce5fc597
"SHRI AMBIKA M AGENCY [CT] V.N., RAJKOT, RAJKOT",shri ambika m agency ct v n rajkot rajkot,7c9a1275-7a4a-428e-872e-731b46b3a1ae
SHRI GOKUL MEDICINES GANDHIGRM,shri gokul medicines gandhigrm,a2b91515-7da9-42ae-a8ed-715c5834666e
"SHRI HARI ME. STORES [CT] N.M., RAJKOT, RAJKOT",shri hari me stores ct n m rajkot rajkot,fa947c9d-c3d6-4192-af9a-3972dbd70cce
"SHRI JALARAM PHARMACY (OP) 1, RAJKOT, RAJKOT",shri jalaram pharmacy op 1 rajkot rajkot,dafcafea-52f0-455d-82f3-e42afcd088ce
"SHRI PHARMACY - S.V.ROD, RAJKOT, RAJKOT",shri pharmacy s v rod rajkot rajkot,18fc861c-385e-4793-b4e1-58a11eac9e43
"SHRI PHARMACY [DT] S.V., RAJKOT, RAJKOT",shri pharmacy dt s v rajkot rajkot,fce547c9-b875-4c18-be7e-6d939746ae6d
SHRI RAGHUNATH MEDICAL STORES,shri raghunath medical stores,3e65cf09-2467-473e-a4f4-de566a197deb
SHRI RAM MEDICAL STORE,shri ram medical store,45e0c463-3af0-47f8-af44-ae4d5d5dd9fd
SHRI SHIV MEDICAL & GENE.ST.,shri shiv medical gene st,2c4ea21b-7bfc-4c12-ae25-2e38f5ac7a02
"SHRI SULESHWARI M.STORE [CT] MAVDI, RAJKOT, RAJKOT",shri suleshwari m store ct mavdi rajkot rajkot,566ef357-08e0-45da-8444-68f49ab4f138
SHRI TULSI MED.& COSMETIC RAIYA DHAR,shri tulsi med cosmetic raiya dhar,e735ff56-373f-43c4-9653-b0620bdf842f
SHRIJI MEDICAL BOLBALA,shriji medical bolbala,5e7f4d59-4b04-4b5f-b67d-f57ba8060b10
"SHUBHAM MEDICINES [DT] N.M, RAJKOT, RAJKOT",shubham medicines dt n m rajkot rajkot,886d1da3-7dfc-4472-bbb9-4bdeaeb15750
"SHYAM MEDICAL - SHYAM HALL, RAJKOT, RAJKOT",shyam medical shyam hall rajkot rajkot,a2b2b6c8-3f93-467c-b4de-f30672db2a8d
"SHYAM MEDICAL [CT]BAPASITARAM CHK, RAJKOT, RAJKOT",shyam medical ct bapasitaram chk rajkot rajkot,690326f8-bda6-4879-9a08-eaf439c88db7
"SHYAM PHARMACY [CT] SHITAL PARK, RAJKOT, RAJKOT",shyam pharmacy ct shital park rajkot rajkot,b271ce90-438e-4b1c-a48d-2176650879c1
"SHYAM PHARMACY., RAJKOT, RAJKOT",shyam pharmacy rajkot rajkot,c15d400e-6b8b-4d8d-becf-a26a470c79fd
SIDDHARTH MEDICALS,siddharth medicals,c61bac97-cc26-47c1-b5f5-642a5ca31209
SIDDHARTH MEDICALS 288,siddharth medicals 288,c61bac97-cc26-47c1-b5f5-642a5ca31209
"SIDDHI VINAYAK MEDICO -S.T., RAJKOT, RAJKOT",siddhi vinayak medico s t rajkot rajkot,02877b19-f245-450e-b7d0-d354527cd636
SIGMA MEDICAL AGENCY,sigma medical agency,6f901a8b-6a57-4f8f-bfb2-67b97785bd59
"SMEET MED. STORES ranchodngr, RAJKOT, RAJKOT",smeet med stores ranchodngr rajkot rajkot,b867eedd-3544-41cb-92f1-822686b24ca7
"SMEET MEDICALS aeroport road, RAJKOT, RAJKOT",smeet medicals aeroport road rajkot rajkot,f26d6c70-cebe-43ee-bfed-bdddcc3e9749
"SMIT MED STORE [DT] S.K., RAJKOT, RAJKOT",smit med store dt s k rajkot rajkot,edfade73-e78c-4245-ae0e-c605aeee0d69
"SOMNATH MEDICALS [DT] KO.RD, RAJKOT, RAJKOT",somnath medicals dt ko rd rajkot rajkot,94cc2703-4cdd-4bcb-9fbb-3d42e31815c8
SONI MEDICINES,soni medicines,d839b30e-5796-4e15-881f-1f7554c34df6
"SONY MEDICINE CHE.&DRU.gaytrin, RAJKOT, RAJKOT",sony medicine che dru gaytrin rajkot rajkot,335abf68-5ca0-4d90-b550-af900fc51996
"SONY MEDICINES [CT] G.N, RAJKOT, RAJKOT",sony medicines ct g n rajkot rajkot,f56d2dd8-23a7-4c20-aa3b-053b33888df5
STOCK POINT,stock point,9713d15d-a2f8-432e-a8e7-17a20425238b
"SURAJ MED STORE [CT]S.K., RAJKOT, RAJKOT",suraj med store ct s k rajkot rajkot,6bca3ea2-19c0-4095-a1f9-27c168e27a72
"SURAJ MED.STORES pedakrod, RAJKOT, RAJKOT",suraj med stores pedakrod rajkot rajkot,ef0f4333-76a8-448d-803f-d40c107355c1
"SURAJ PHARMACY, MOVIYA, MOVIYA",suraj pharmacy moviya moviya,1cbc86ce-6132-4d39-82e4-c37a2e41a56b
"SURBHI MED.S.kothriya viratngr, RAJKOT, RAJKOT",surbhi med s kothriya viratngr rajkot rajkot,8761d60a-ad1e-4d04-9a88-44807591f07d
"SURBHI MEDICALS [CT] VIRAT, RAJKOT, RAJKOT",surbhi medicals ct virat rajkot rajkot,05d7a159-c6f8-4a35-9c25-61ee5f1db543
"SUVIDHA SAR M STO [DT] MAVDI, RAJKOT, RAJKOT",suvidha sar m sto dt mavdi rajkot rajkot,c8b90cb6-b2ab-4c74-9cd7-6afd5229d6c4
"SUVIDHA SARVAJANIK M.S. mavdi-2, RAJKOT, RAJKOT",suvidha sarvajanik m s mavdi 2 rajkot rajkot,11947753-4fe6-421d-840c-debaf02dc84b
"SUVIDHA SARVAJANIK MEDICAL STORE 1, RAJKOT, RAJKOT",suvidha sarvajanik medical store 1 rajkot rajkot,62922d84-4290-4cd0-a4e5-87325087930c
SWARAJ MEDICINES,swaraj medicines,a6cdc0bf-b3b1-46e6-9a93-128050fbcaf0
"SWASTIK MED STORE [CT] RAIYA, RAJKOT, RAJKOT",swastik med store ct raiya rajkot rajkot,4377a439-11cd-4e7d-9f83-a491c0a5b625
"SWASTIK MED.STORE NANAVATICK, RAJKOT, RAJKOT",swastik med store nanavatick rajkot rajkot,9bc7e689-46c7-4cc1-b956-1e226f3e36e3
SWASTIK MEDICAL STORE,swastik medical store,0cbc7446-2c36-4e73-a2c0-797c0babd251
"SWASTIK MEDICAL STORE 8, RAJKOT, RAJKOT",swastik medical store 8 rajkot rajkot,d2a95988-89a4-4c86-9c68-f5bd34c44313
T N MEDICAL,t n medical,faa4905f-67ed-44e3-ba17-06e95e628197
"TIRUPATI M & G STORE [DT] RAIYA, RAJKOT, RAJKOT",tirupati m g store dt raiya rajkot rajkot,1e9571c2-6593-41d8-8b08-d542ed62e8fc
"TIRUPATI ME.&GE.S.raiyarod, RAJKOT, RAJKOT",tirupati me ge s raiyarod rajkot rajkot,954f68e6-4685-4a83-b36a-85ae724675a4
TIRUPATI MEDICAL & GENE.STORES,tirupati medical gene stores,c3085e8a-20c2-44fc-bb87-69eb21970a4b
"TRUPATI MEDICAL STORE, KUVADAVA, KUVADAVA",trupati medical store kuvadava kuvadava,ccfd639a-ee02-4f45-8792-1310e64e0bb9
TRUPTI MEDICAL STORE KUVADAVA,trupti medical store kuvadava,dcf36c41-1e43-4d74-a48d-d8281860363b
"TULSHI MEDICAL (CT) N.M, RAJKOT, RAJKOT",tulshi medical ct n m rajkot rajkot,5671dafa-1861-4063-a5eb-6a132afb87ff
"TULSI MEDICAL AGENCY, RAJKOT, RAJKOT",tulsi medical agency rajkot rajkot,9a319dea-6e6d-436f-b560-041d2e9e22c7
"TULSI MEDICINES - RAIYA, RAJKOT, RAJKOT",tulsi medicines raiya rajkot rajkot,f290157a-62d9-4fd4-8759-b3944f6b0a38
TULSI MEDICINES RAIYA RD 1047,tulsi medicines raiya rd 1047,fe638df1-d8f7-489a-86bb-b419c3e53efa
"TULSI MEDICINES [DT] RAIYA, RAJKOT, RAJKOT",tulsi medicines dt raiya rajkot rajkot,975ca90d-8716-4019-803a-7d33dcb658c6
"UMA MEDICAL STORE (CT) RAYA, RAJKOT, RAJKOT",uma medical store ct raya rajkot rajkot,e07ed809-ae41-4a5a-8dd4-34b3217bab58
"UMA MEDICAL STORE RAIYA DHAR, RAIYA ROAD, RAJKOT",uma medical store raiya dhar raiya road rajkot,9c2ca323-8081-47db-8861-e09de7872fdb
"UMA MEDICAL STORE- RAIYADHAR, RAJKOT, RAJKOT",uma medical store raiyadhar rajkot rajkot,512d2dc4-8b6b-4445-be35-9376523353c5
"UMA MEDICINES - SADHUVASVANI, RAJKOT, RAJKOT",uma medicines sadhuvasvani rajkot rajkot,0c7cfa9a-7df8-412c-94a0-ab66bfb78f54
"UMA PHARMACY 7, RAJKOT, RAJKOT",uma pharmacy 7 rajkot rajkot,5b6c572b-3db8-4cc5-be65-83919097c03d
"UNIQUE MEDICAL STORE 2, RAJKOT, RAJKOT",unique medical store 2 rajkot rajkot,da7594a9-069b-4185-b571-bf2879d76ae4
"UNIQUE PHARMACY -AMIN MARG, RAJKOT, RAJKOT",unique pharmacy amin marg rajkot rajkot,fbff1fd6-5f46-459b-bc53-eee38aa4fc0f
UNIQUE PHARMACY AMIN MARG,unique pharmacy amin marg,6fc9fb27-499b-4482-b515-f0049c024cef
"UNIQUE PHARMACY(AMIN MARG) 6, RAJKOT, RAJKOT",unique pharmacy amin marg 6 rajkot rajkot,dc85c95a-67d7-4470-a03e-672b76ec7432
"VADHVANIYA MEDICAL STORE, CHOTILA, CHOITILA",vadhvaniya medical store chotila choitila,e346147e-9b8a-4512-9159-1b82f8445aef
"VAIBHAV MEDICAL STORE, NAVI MENGNI, NAVI MENGNI",vaibhav medical store navi mengni navi mengni,a32a4f41-aee4-41f0-963f-5a5999c5972a
"VARAD MEDICINES [CT] K.R, RAJKOT, RAJKOT",varad medicines ct k r rajkot rajkot,b7117f68-5560-4e20-a76f-d41601c9b315
"VARAD MEDICINES.univ.kalavdrod, RAJKOT, RAJKOT",varad medicines univ kalavdrod rajkot rajkot,88df23d2-4a64-4471-8eeb-4f135a682feb
"VASU MEDI STORE [CT] KO.RO, RAJKOT, RAJKOT",vasu medi store ct ko ro rajkot rajkot,3a53258e-2820-4892-a4a0-973cd472da62
"VIKAS MED STORE [MAIN], RAJKOT, RAJKOT",vikas med store main rajkot rajkot,a618b75d-bf26-4aa2-ba66-47e8b66ae7e5
"VIKAS MEDICAL STORE 5, RAJKOT, RAJKOT",vikas medical store 5 rajkot rajkot,231c937b-cca7-46c8-bdfd-2de84691d5fd
VIKAS PHARMACY,vikas pharmacy,09c9ad63-5501-4564-b33c-04e1dbdd149b
"VIKAS PHARMACY, RAJKOT, RAJKOT",vikas pharmacy rajkot rajkot,13da4db5-352d-47dc-a7a8-adc578ff80c1
"VIMAL MEDICINES 7, SADHU VASVANI MAIN ROAD, RAJKOT",vimal medicines 7 sadhu vasvani main road rajkot,607c1c9f-2921-49c2-81b6-eeda93207923
VINAYAK M & G ST. LATIPAR,vinayak m g st latipar,654fd911-5a80-41dd-9384-cf529b23377e
"VINOD ME.STORE raiya gandhigra, RAJKOT, RAJKOT",vinod me store raiya gandhigra rajkot rajkot,3196b575-c614-4917-9226-2610c28573bb
"VISHVA MEDI.STORE - RAIL NAGAR, RAJKOT, RAJKOT",vishva medi store rail nagar rajkot rajkot,59c5425d-dad1-4d15-a473-9a44eed988d9
VISHVA MEDICAL STORE,vishva medical store,9a16ab45-fef7-4c94-a166-874c298b152e
"VISHVA MEDICAL STORE 3, RAJKOT, RAJKOT",vishva medical store 3 rajkot rajkot,f79fb25c-14fe-4e9a-906d-6a2afef874f2
"VISHVA MEDICAL STORE(CT) RAIL NAGAR, RAJKOT, RAJKO",vishva medical store ct rail nagar rajkot rajko,c3d75e10-5815-4dad-8ed4-95a87b669793
"VISHVAS SARVAJ.ME.S. MAVDI-2, RAJKOT, RAJKOT",vishvas sarvaj me s mavdi 2 rajkot rajkot,e9629eb5-0f42-439a-abbf-61bd19bfe56b
"VISHVAS SARVAJANIK MEDICAL STORE 1, RAJKOT, RAJKOT",vishvas sarvajanik medical store 1 rajkot rajkot,6291dfb4-a169-47c6-ae9f-cc6f7ba643fc
"VISHWAS MEDICAL [CT] JUCT, RAJKOT, RAJKOT",vishwas medical ct juct rajkot rajkot,5452fe7f-ef7f-4642-8ad3-07934bfd9b21
"VISHWAS SARVAJANIK M.S.[CT] MAVDI, RAJKOT, RAJKOT",vishwas sarvajanik m s ct mavdi rajkot rajkot,e741f436-91d3-4726-ab61-0e700e284ec5
"VIVEK MED.STORES mavdi, RAJKOT, RAJKOT",vivek med stores mavdi rajkot rajkot,5ccbfed5-1c04-4174-ad6f-eaa27723ee3a
VIVEK MEDICAL STORES(GOKULDHAM,vivek medical stores gokuldham,552e96a8-6ff3-48f3-acec-8fae25a24363
"VIVEK PHARMACY [DT] AST, RAJKOT, RAJKOT",vivek pharmacy dt ast rajkot rajkot,7e1ea995-fe95-43de-baad-e21676074033
"VIVEK PHARMACY-AMIN MARG V.N, RAJKOT, RAJKOT",vivek pharmacy amin marg v n rajkot rajkot,13faefff-4d8f-4bcb-b632-6c1b93414a36
"VIVEK PHARMACY-AMIN V.N, RAJKOT, RAJKOT",vivek pharmacy amin v n rajkot rajkot,13faefff-4d8f-4bcb-b632-6c1b93414a36
VYANKTESH MEDICAL STORE,vyanktesh medical store,b83e8319-4475-4d0b-b0ea-85e5afac25d4
"WELCOME PHARMACY [DT] S.K., RAJKOT, RAJKOT",welcome pharmacy dt s k rajkot rajkot,cab0f877-6339-40f1-bfb4-8accaa14c3aa
"WELL-COME PHARMCY pedakrod, RAJKOT, RAJKOT",well come pharmcy pedakrod rajkot rajkot,0e229973-7e02-4df4-b62c-26a55e9b0dab
"WELLNESS BIOSCIENCES PUR (M), RAJKOT, RAJKOT",wellness biosciences pur m rajkot rajkot,8dd74f21-c654-4940-82d5-ae55b109051b
"WELLNESS MEDICINE RAILNAGAR, RAJKOT, RAJKOT",wellness medicine railnagar rajkot rajkot,b2d90d30-0cd7-48f3-a2fe-c7d12ecf3440
"X Y Z MEDICAL STORE - MORBI ROAD, RAJKOT, RAJKOT",x y z medical store morbi road rajkot rajkot,8c13fba0-e3e4-4d33-98c8-a73af589b03e
"YAMUNA MEDICO [CT] CHK, RAJKOT, RAJKOT",yamuna medico ct chk rajkot rajkot,28ce7924-510d-4225-9b5b-202f36560fbd
"YAMUNA MEDICO moti tanki, RAJKOT, RAJKOT",yamuna medico moti tanki rajkot rajkot,eafdea91-ab8e-45a4-82d1-30cc618f5a73
"YAMUNAJI ENTERPRISE, RAJKOT, RAJKOT",yamunaji enterprise rajkot rajkot,33f8b477-f2ac-4f31-b6f5-7d28a086897b
"YASH M STORE [DT] CHK, RAJKOT, RAJKOT",yash m store dt chk rajkot rajkot,98b9ab1b-934f-4ca5-abff-29f008d11c2a
YASH MEDICAL STORE,yash medical store,bb8a9b51-a81a-44e1-959b-930ddcbd162f
YASH MEDICAL STORE 0334,yash medical store 0334,bb8a9b51-a81a-44e1-959b-930ddcbd162f
YASH MEDICAL STORES,yash medical stores,5423372b-410d-4168-b4d5-5bf1765e75da
"YASH MEDICAL STORES M.T., RAJKOT, RAJKOT",yash medical stores m t rajkot rajkot,7a6eb907-102c-44b8-accc-e6b60cb2a490
"YASH PHARMACY - MAVDI-2, RAJKOT, RAJKOT",yash pharmacy mavdi 2 rajkot rajkot,681795ee-9ee7-4646-88ab-3c7bc2443591
"YASH PHARMACY [DT] MAVDI, RAJKOT, RAJKOT",yash pharmacy dt mavdi rajkot rajkot,09db17a5-90a1-4359-9f72-37e255f337ea
"YUVRAJ MED STORE [CT] KO.RD, RAJKOT, RAJKOT",yuvraj med store ct ko rd rajkot rajkot,6863f5d5-5eb2-4f2b-91e1-f4feed5503c7
"Z.ATREY MEDICINS KALAVAD ROAD, RAJKOT, RAJKOT",z atrey medicins kalavad road rajkot rajkot,863204cf-3933-49a4-a8a9-b1f5984422a0
"Z.DR.A.H.POPTANI V.N., RAJKOT, RAJKOT",z dr a h poptani v n rajkot rajkot,9fb8cad7-f534-49b0-b648-26af2a33a454
"Z.ONLYMED PHARMACY- S.T., RAJKOT, RAJKOT",z onlymed pharmacy s t rajkot rajkot,d3cbac46-cfbc-4b83-8b70-95c33ddda3e1
"Z.SHREE DATT KRUPA MEDICAL&GENERAL, RAJKOT, RAJKOT",z shree datt krupa medical general rajkot rajkot,5e8644a3-25df-459e-9e16-3523a3a59721
"Z.TULSI MEDICINES - RAIYA, RAJKOT, RAJKOT",z tulsi medicines raiya rajkot rajkot,f290157a-62d9-4fd4-8759-b3944f6b0a38
"Z.YAMUNA MEDICO moti tanki, RAJKOT, RAJKOT",z yamuna medico moti tanki rajkot rajkot,eafdea91-ab8e-45a4-82d1-30cc618f5a73
"ZINZURAJ MEDICAL STORE 6, RAJKOT, RAJKOT",zinzuraj medical store 6 rajkot rajkot,7e7c88fe-5313-40d6-984e-cc03930ca4eb
